['Port Moresby Jacksons International Airport', 'Port Moresby', 'Papua New Guinea', 'POM', 'AYPY', '-9.443380355834961', '147.22000122070312', '146', '10', 'U', 'Pacific/Port_Moresby']
['Keflavik International Airport', 'Keflavik', 'Iceland', 'KEF', 'BIKF', '63.985000610352', '-22.605600357056', '171', '0', 'N', 'Atlantic/Reykjavik']
['Edmonton International Airport', 'Edmonton', 'Canada', 'YEG', 'CYEG', '53.309700012200004', '-113.580001831', '2373', '-7', 'A', 'America/Edmonton']
['Halifax / Stanfield International Airport', 'Halifax', 'Canada', 'YHZ', 'CYHZ', '44.8807983398', '-63.5085983276', '477', '-4', 'A', 'America/Halifax']
['Montreal International (Mirabel) Airport', 'Montreal', 'Canada', 'YMX', 'CYMX', '45.6795005798', '-74.0386962891', '270', '-5', 'A', 'America/Toronto']
['Ottawa Macdonald-Cartier International Airport', 'Ottawa', 'Canada', 'YOW', 'CYOW', '45.3224983215332', '-75.66919708251953', '374', '-5', 'A', 'America/Toronto']
['Montreal / Pierre Elliott Trudeau International Airport', 'Montreal', 'Canada', 'YUL', 'CYUL', '45.4706001282', '-73.7407989502', '118', '-5', 'A', 'America/Toronto']
['Vancouver International Airport', 'Vancouver', 'Canada', 'YVR', 'CYVR', '49.193901062', '-123.183998108', '14', '-8', 'A', 'America/Vancouver']
['Winnipeg / James Armstrong Richardson International Airport', 'Winnipeg', 'Canada', 'YWG', 'CYWG', '49.909999847399995', '-97.2398986816', '783', '-6', 'A', 'America/Winnipeg']
['Calgary International Airport', 'Calgary', 'Canada', 'YYC', 'CYYC', '51.113899231', '-114.019996643', '3557', '-7', 'A', 'America/Edmonton']
['Victoria International Airport', 'Victoria', 'Canada', 'YYJ', 'CYYJ', '48.646900177', '-123.426002502', '63', '-8', 'A', 'America/Vancouver']
["St. John's International Airport", "St. John's", 'Canada', 'YYT', 'CYYT', '47.618598938', '-52.7518997192', '461', '-3.5', 'A', 'America/St_Johns']
['Lester B. Pearson International Airport', 'Toronto', 'Canada', 'YYZ', 'CYYZ', '43.6772003174', '-79.63059997559999', '569', '-5', 'A', 'America/Toronto']
['Faro Airport', 'Faro', 'Canada', 'ZFA', 'CZFA', '62.20750045776367', '-133.37600708007812', '2351', '-8', 'A', 'America/Vancouver']
['Houari Boumediene Airport', 'Algier', 'Algeria', 'ALG', 'DAAG', '36.691001892089844', '3.215409994125366', '82', '1', 'N', 'Africa/Algiers']
['Kotoka International Airport', 'Accra', 'Ghana', 'ACC', 'DGAA', '5.605189800262451', '-0.16678600013256073', '205', '0', 'N', 'Africa/Accra']
['Nnamdi Azikiwe International Airport', 'Abuja', 'Nigeria', 'ABV', 'DNAA', '9.006790161132812', '7.263169765472412', '1123', '1', 'N', 'Africa/Lagos']
['Murtala Muhammed International Airport', 'Lagos', 'Nigeria', 'LOS', 'DNMM', '6.5773701667785645', '3.321160078048706', '135', '1', 'N', 'Africa/Lagos']
['Tunis Carthage International Airport', 'Tunis', 'Tunisia', 'TUN', 'DTTA', '36.85100173950195', '10.22719955444336', '22', '1', 'E', 'Africa/Tunis']
['Brussels Airport', 'Brussels', 'Belgium', 'BRU', 'EBBR', '50.901401519800004', '4.48443984985', '184', '1', 'E', 'Europe/Brussels']
['Brussels South Charleroi Airport', 'Charleroi', 'Belgium', 'CRL', 'EBCI', '50.459201812699995', '4.45382022858', '614', '1', 'E', 'Europe/Brussels']
['Li\xc3\xa8ge Airport', 'Liege', 'Belgium', 'LGG', 'EBLG', '50.63740158081055', '5.443220138549805', '659', '1', 'E', 'Europe/Brussels']
['Berlin-Sch\xc3\xb6nefeld International Airport', 'Berlin', 'Germany', 'SXF', 'EDDB', '52.380001068115', '13.522500038147', '157', '1', 'E', 'Europe/Berlin']
['Dresden Airport', 'Dresden', 'Germany', 'DRS', 'EDDC', '51.1328010559082', '13.767200469970703', '755', '1', 'E', 'Europe/Berlin']
['Frankfurt am Main International Airport', 'Frankfurt', 'Germany', 'FRA', 'EDDF', '50.0333333', '8.5705556', '364', '1', 'E', 'Europe/Berlin']
['M\xc3\xbcnster Osnabr\xc3\xbcck Airport', 'Munster', 'Germany', 'FMO', 'EDDG', '52.134601593', '7.68483018875', '160', '1', 'E', 'Europe/Berlin']
['Hamburg Airport', 'Hamburg', 'Germany', 'HAM', 'EDDH', '53.630401611328', '9.9882297515869', '53', '1', 'E', 'Europe/Berlin']
['Cologne Bonn Airport', 'Cologne', 'Germany', 'CGN', 'EDDK', '50.8658981323', '7.1427397728', '302', '1', 'E', 'Europe/Berlin']
['D\xc3\xbcsseldorf International Airport', 'Duesseldorf', 'Germany', 'DUS', 'EDDL', '51.28950119018555', '6.766779899597168', '147', '1', 'E', 'Europe/Berlin']
['Munich International Airport', 'Munich', 'Germany', 'MUC', 'EDDM', '48.353801727295', '11.786100387573', '1487', '1', 'E', 'Europe/Berlin']
['Nuremberg Airport', 'Nuernberg', 'Germany', 'NUE', 'EDDN', '49.498699', '11.0780556', '1046', '1', 'E', 'Europe/Berlin']
['Leipzig Halle Airport', 'Leipzig', 'Germany', 'LEJ', 'EDDP', '51.4238889', '12.2363889', '465', '1', 'E', 'Europe/Berlin']
['Stuttgart Airport', 'Stuttgart', 'Germany', 'STR', 'EDDS', '48.689899444599995', '9.22196006775', '1276', '1', 'E', 'Europe/Berlin']
['Berlin-Tegel International Airport', 'Berlin', 'Germany', 'TXL', 'EDDT', '52.5597000122', '13.2876996994', '122', '1', 'E', 'Europe/Berlin']
['Hannover Airport', 'Hannover', 'Germany', 'HAJ', 'EDDV', '52.461101532', '9.685079574580001', '183', '1', 'E', 'Europe/Berlin']
['Bremen Airport', 'Bremen', 'Germany', 'BRE', 'EDDW', '53.0475006104', '8.78666973114', '14', '1', 'E', 'Europe/Berlin']
['Dortmund Airport', 'Dortmund', 'Germany', 'DTM', 'EDLW', '51.51829910279999', '7.61223983765', '425', '1', 'E', 'Europe/Berlin']
['Lennart Meri Tallinn Airport', 'Tallinn-ulemiste International', 'Estonia', 'TLL', 'EETN', '59.41329956049999', '24.832799911499997', '131', '2', 'E', 'Europe/Tallinn']
['Helsinki Vantaa Airport', 'Helsinki', 'Finland', 'HEL', 'EFHK', '60.317199707031', '24.963300704956', '179', '2', 'E', 'Europe/Helsinki']
['Belfast International Airport', 'Belfast', 'United Kingdom', 'BFS', 'EGAA', '54.6575012207', '-6.2158298492399995', '268', '0', 'E', 'Europe/London']
['George Best Belfast City Airport', 'Belfast', 'United Kingdom', 'BHD', 'EGAC', '54.618099212646484', '-5.872499942779541', '15', '0', 'E', 'Europe/London']
['Birmingham International Airport', 'Birmingham', 'United Kingdom', 'BHX', 'EGBB', '52.453899383499994', '-1.74802994728', '327', '0', 'E', 'Europe/London']
['Manchester Airport', 'Manchester', 'United Kingdom', 'MAN', 'EGCC', '53.35369873046875', '-2.2749500274658203', '257', '0', 'E', 'Europe/London']
['Cardiff International Airport', 'Cardiff', 'United Kingdom', 'CWL', 'EGFF', '51.39670181274414', '-3.343329906463623', '220', '0', 'E', 'Europe/London']
['Bristol Airport', 'Bristol', 'United Kingdom', 'BRS', 'EGGD', '51.382702', '-2.71909', '622', '0', 'E', 'Europe/London']
['Liverpool John Lennon Airport', 'Liverpool', 'United Kingdom', 'LPL', 'EGGP', '53.33359909057617', '-2.849720001220703', '80', '0', 'E', 'Europe/London']
['London Luton Airport', 'London', 'United Kingdom', 'LTN', 'EGGW', '51.874698638916016', '-0.36833301186561584', '526', '0', 'E', 'Europe/London']
['Bournemouth Airport', 'Bournemouth', 'United Kingdom', 'BOH', 'EGHH', '50.779998779296875', '-1.8424999713897705', '38', '0', 'E', 'Europe/London']
['Southampton Airport', 'Southampton', 'United Kingdom', 'SOU', 'EGHI', '50.95029830932617', '-1.3567999601364136', '44', '0', 'E', 'Europe/London']
['London Gatwick Airport', 'London', 'United Kingdom', 'LGW', 'EGKK', '51.148101806640625', '-0.19027799367904663', '202', '0', 'E', 'Europe/London']
['London Heathrow Airport', 'London', 'United Kingdom', 'LHR', 'EGLL', '51.4706', '-0.461941', '83', '0', 'E', 'Europe/London']
['Leeds Bradford Airport', 'Leeds', 'United Kingdom', 'LBA', 'EGNM', '53.86589813232422', '-1.6605700254440308', '681', '0', 'E', 'Europe/London']
['Newcastle Airport', 'Newcastle', 'United Kingdom', 'NCL', 'EGNT', '55.037498474121094', '-1.6916699409484863', '266', '0', 'E', 'Europe/London']
['East Midlands Airport', 'East Midlands', 'United Kingdom', 'EMA', 'EGNX', '52.8311004639', '-1.32806003094', '306', '0', 'E', 'Europe/London']
['Aberdeen Dyce Airport', 'Aberdeen', 'United Kingdom', 'ABZ', 'EGPD', '57.201900482177734', '-2.197779893875122', '215', '0', 'E', 'Europe/London']
['Glasgow International Airport', 'Glasgow', 'United Kingdom', 'GLA', 'EGPF', '55.8718986511', '-4.43306016922', '26', '0', 'E', 'Europe/London']
['Edinburgh Airport', 'Edinburgh', 'United Kingdom', 'EDI', 'EGPH', '55.95000076293945', '-3.372499942779541', '135', '0', 'E', 'Europe/London']
['Norwich International Airport', 'Norwich', 'United Kingdom', 'NWI', 'EGSH', '52.6758003235', '1.28278005123', '117', '0', 'E', 'Europe/London']
['London Stansted Airport', 'London', 'United Kingdom', 'STN', 'EGSS', '51.8849983215', '0.234999999404', '348', '0', 'E', 'Europe/London']
['Exeter International Airport', 'Exeter', 'United Kingdom', 'EXT', 'EGTE', '50.73440170288086', '-3.4138898849487305', '102', '0', 'E', 'Europe/London']
['RAF Lakenheath', 'Lakenheath', 'United Kingdom', '\\N', 'EGUL', '52.409301757799994', '0.56099998951', '32', '0', 'E', 'Europe/London']
['RAF Mildenhall', 'Mildenhall', 'United Kingdom', 'MHZ', 'EGUN', '52.361900329589844', '0.48640599846839905', '33', '0', 'E', 'Europe/London']
['RAF Fairford', 'Fairford', 'United Kingdom', 'FFD', 'EGVA', '51.6822013855', '-1.7900300025900002', '286', '0', 'E', 'Europe/London']
['RAF Brize Norton', 'Brize Norton', 'United Kingdom', 'BZZ', 'EGVN', '51.75', '-1.58362', '288', '0', 'E', 'Europe/London']
['Amsterdam Airport Schiphol', 'Amsterdam', 'Netherlands', 'AMS', 'EHAM', '52.3086013794', '4.763889789579999', '-11', '1', 'E', 'Europe/Amsterdam']
['Maastricht Aachen Airport', 'Maastricht', 'Netherlands', 'MST', 'EHBK', '50.9117012024', '5.77014017105', '375', '1', 'E', 'Europe/Amsterdam']
['Eindhoven Airport', 'Eindhoven', 'Netherlands', 'EIN', 'EHEH', '51.4500999451', '5.37452983856', '74', '1', 'E', 'Europe/Amsterdam']
['Cork Airport', 'Cork', 'Ireland', 'ORK', 'EICK', '51.84130096435547', '-8.491109848022461', '502', '0', 'E', 'Europe/Dublin']
['Dublin Airport', 'Dublin', 'Ireland', 'DUB', 'EIDW', '53.42129898071289', '-6.2700700759887695', '242', '0', 'E', 'Europe/Dublin']
['Shannon Airport', 'Shannon', 'Ireland', 'SNN', 'EINN', '52.701999664307', '-8.9248199462891', '46', '0', 'E', 'Europe/Dublin']
['Billund Airport', 'Billund', 'Denmark', 'BLL', 'EKBI', '55.7402992249', '9.15178012848', '247', '1', 'E', 'Europe/Copenhagen']
['Copenhagen Kastrup Airport', 'Copenhagen', 'Denmark', 'CPH', 'EKCH', '55.617900848389', '12.656000137329', '17', '1', 'E', 'Europe/Copenhagen']
['Aalborg Airport', 'Aalborg', 'Denmark', 'AAL', 'EKYT', '57.0927589138', '9.84924316406', '10', '1', 'E', 'Europe/Copenhagen']
['Luxembourg-Findel International Airport', 'Luxemburg', 'Luxembourg', 'LUX', 'ELLX', '49.6233333', '6.2044444', '1234', '1', 'E', 'Europe/Luxembourg']
['Bod\xc3\xb8 Airport', 'Bodo', 'Norway', 'BOO', 'ENBO', '67.26920318603516', '14.365300178527832', '42', '1', 'E', 'Europe/Oslo']
['Bergen Airport Flesland', 'Bergen', 'Norway', 'BGO', 'ENBR', '60.29339981', '5.218140125', '170', '1', 'E', 'Europe/Oslo']
['Oslo Gardermoen Airport', 'Oslo', 'Norway', 'OSL', 'ENGM', '60.193901062012', '11.100399971008', '681', '1', 'E', 'Europe/Oslo']
['Troms\xc3\xb8 Airport', 'Tromso', 'Norway', 'TOS', 'ENTC', '69.68329620361328', '18.918899536132812', '31', '1', 'E', 'Europe/Oslo']
['Trondheim Airport V\xc3\xa6rnes', 'Trondheim', 'Norway', 'TRD', 'ENVA', '63.4578018', '10.9239998', '56', '1', 'E', 'Europe/Oslo']
['Stavanger Airport Sola', 'Stavanger', 'Norway', 'SVG', 'ENZV', '58.876701354', '5.6377801895', '29', '1', 'E', 'Europe/Oslo']
['Gda\xc5\x84sk Lech Wa\xc5\x82\xc4\x99sa Airport', 'Gdansk', 'Poland', 'GDN', 'EPGD', '54.377601623535156', '18.46619987487793', '489', '1', 'E', 'Europe/Warsaw']
['John Paul II International Airport Krak\xc3\xb3w-Balice Airport', 'Krakow', 'Poland', 'KRK', 'EPKK', '50.077701568603516', '19.784799575805664', '791', '1', 'E', 'Europe/Warsaw']
['Katowice International Airport', 'Katowice', 'Poland', 'KTW', 'EPKT', '50.4743', '19.08', '995', '1', 'E', 'Europe/Warsaw']
['Pozna\xc5\x84-\xc5\x81awica Airport', 'Poznan', 'Poland', 'POZ', 'EPPO', '52.421001434299995', '16.8262996674', '308', '1', 'E', 'Europe/Warsaw']
['Warsaw Chopin Airport', 'Warsaw', 'Poland', 'WAW', 'EPWA', '52.1656990051', '20.967100143399996', '362', '1', 'E', 'Europe/Warsaw']
['Copernicus Wroc\xc5\x82aw Airport', 'Wroclaw', 'Poland', 'WRO', 'EPWR', '51.1026992798', '16.885799408', '404', '1', 'E', 'Europe/Warsaw']
['Gothenburg-Landvetter Airport', 'Gothenborg', 'Sweden', 'GOT', 'ESGG', '57.662799835205', '12.279800415039', '506', '1', 'E', 'Europe/Stockholm']
['Malm\xc3\xb6 Sturup Airport', 'Malmoe', 'Sweden', 'MMX', 'ESMS', '55.536305364', '13.376197814900001', '236', '1', 'E', 'Europe/Stockholm']
['Lule\xc3\xa5 Airport', 'Lulea', 'Sweden', 'LLA', 'ESPA', '65.543800354004', '22.121999740601', '65', '1', 'E', 'Europe/Stockholm']
['Stockholm-Arlanda Airport', 'Stockholm', 'Sweden', 'ARN', 'ESSA', '59.651901245117', '17.918600082397', '137', '1', 'E', 'Europe/Stockholm']
['Ramstein Air Base', 'Ramstein', 'Germany', 'RMS', 'ETAR', '49.4369010925293', '7.600279808044434', '776', '1', 'E', 'Europe/Berlin']
['Cape Town International Airport', 'Cape Town', 'South Africa', 'CPT', 'FACT', '-33.9648017883', '18.6016998291', '151', '2', 'U', 'Africa/Johannesburg']
['King Shaka International Airport', 'Durban', 'South Africa', 'DUR', 'FALE', '-29.6144444444', '31.1197222222', '295', '2', 'U', 'Africa/Johannesburg']
['George Airport', 'George', 'South Africa', 'GRJ', 'FAGG', '-34.0055999756', '22.378900528', '648', '2', 'U', 'Africa/Johannesburg']
['OR Tambo International Airport', 'Johannesburg', 'South Africa', 'JNB', 'FAJS', '-26.1392', '28.246', '5558', '2', 'U', 'Africa/Johannesburg']
['Newcastle Airport', 'Newcastle', 'South Africa', 'NCS', 'FANC', '-27.7705993652', '29.976900100699996', '4074', '2', 'U', 'Africa/Johannesburg']
['Sir Charles Gaetan Duval Airport', 'Rodriguez Island', 'Mauritius', 'RRG', 'FIMR', '-19.757699966430664', '63.361000061035156', '95', '4', 'N', 'Indian/Mauritius']
['Kenneth Kaunda International Airport Lusaka', 'Lusaka', 'Zambia', 'LUN', 'FLLS', '-15.3308000565', '28.4526004791', '3779', '2', 'U', 'Africa/Lusaka']
['Gran Canaria Airport', 'Gran Canaria', 'Spain', 'LPA', 'GCLP', '27.931900024414062', '-15.38659954071045', '78', '0', 'E', 'Atlantic/Canary']
['Tenerife South Airport', 'Tenerife', 'Spain', 'TFS', 'GCTS', '28.044500351', '-16.5725002289', '209', '0', 'E', 'Atlantic/Canary']
['Tenerife Norte Airport', 'Tenerife', 'Spain', 'TFN', 'GCXO', '28.4827003479', '-16.3414993286', '2076', '0', 'E', 'Atlantic/Canary']
['Mohammed V International Airport', 'Casablanca', 'Morocco', 'CMN', 'GMMN', '33.36750030517578', '-7.589970111846924', '656', '0', 'N', 'Africa/Casablanca']
['L\xc3\xa9opold S\xc3\xa9dar Senghor International Airport', 'Dakar', 'Senegal', 'DKR', 'GOOY', '14.739700317382812', '-17.49020004272461', '85', '0', 'N', 'Africa/Dakar']
['Nouakchott International Airport', 'Nouakschott', 'Mauritania', 'NKC', 'GQNN', '18.09819984436035', '-15.94849967956543', '13', '0', 'N', 'Africa/Nouakchott']
['Addis Ababa Bole International Airport', 'Addis Ababa', 'Ethiopia', 'ADD', 'HAAB', '8.97789001465', '38.799301147499996', '7630', '3', 'U', 'Africa/Addis_Ababa']
['Cairo International Airport', 'Cairo', 'Egypt', 'CAI', 'HECA', '30.12190055847168', '31.40559959411621', '382', '2', 'U', 'Africa/Cairo']
['Hurghada International Airport', 'Hurghada', 'Egypt', 'HRG', 'HEGN', '27.178300857543945', '33.799400329589844', '52', '2', 'U', 'Africa/Cairo']
['Luxor International Airport', 'Luxor', 'Egypt', 'LXR', 'HELX', '25.670999527', '32.706600189199996', '294', '2', 'U', 'Africa/Cairo']
['Mombasa Moi International Airport', 'Mombasa', 'Kenya', 'MBA', 'HKMO', '-4.034830093383789', '39.594200134277344', '200', '3', 'U', 'Africa/Nairobi']
['Tripoli International Airport', 'Tripoli', 'Libya', 'TIP', 'HLLT', '32.6635017395', '13.1590003967', '263', '2', 'N', 'Africa/Tripoli']
['Juba International Airport', 'Juba', 'South Sudan', 'JUB', 'HSSJ', '4.87201023102', '31.6011009216', '1513', '3', 'U', 'Africa/Juba']
['Khartoum International Airport', 'Khartoum', 'Sudan', 'KRT', 'HSSS', '15.589500427246094', '32.553199768066406', '1265', '3', 'U', 'Africa/Khartoum']
['Julius Nyerere International Airport', 'Dar Es Salaam', 'Tanzania', 'DAR', 'HTDA', '-6.87810993195', '39.202598571799996', '182', '3', 'U', 'Africa/Dar_es_Salaam']
['Tirana International Airport Mother Teresa', 'Tirana', 'Albania', 'TIA', 'LATI', '41.4146995544', '19.7206001282', '126', '1', 'E', 'Europe/Tirane']
['Burgas Airport', 'Bourgas', 'Bulgaria', 'BOJ', 'LBBG', '42.56959915161133', '27.515199661254883', '135', '2', 'E', 'Europe/Sofia']
['Sofia Airport', 'Sofia', 'Bulgaria', 'SOF', 'LBSF', '42.696693420410156', '23.411436080932617', '1742', '2', 'E', 'Europe/Sofia']
['Varna Airport', 'Varna', 'Bulgaria', 'VAR', 'LBWN', '43.232101', '27.8251', '230', '2', 'E', 'Europe/Sofia']
['Larnaca International Airport', 'Larnaca', 'Cyprus', 'LCA', 'LCLK', '34.875099182128906', '33.624900817871094', '8', '2', 'E', 'Asia/Nicosia']
['Paphos International Airport', 'Paphos', 'Cyprus', 'PFO', 'LCPH', '34.71799850463867', '32.48569869995117', '41', '2', 'E', 'Asia/Nicosia']
['RAF Akrotiri', 'Akrotiri', 'Cyprus', 'AKT', 'LCRA', '34.590401', '32.9879', '76', '0', 'E', 'Europe/London']
['Zagreb Airport', 'Zagreb', 'Croatia', 'ZAG', 'LDZA', '45.7429008484', '16.0687999725', '353', '1', 'E', 'Europe/Zagreb']
['Alicante International Airport', 'Alicante', 'Spain', 'ALC', 'LEAL', '38.28219985961914', '-0.5581560134887695', '142', '1', 'E', 'Europe/Madrid']
['Barcelona International Airport', 'Barcelona', 'Spain', 'BCN', 'LEBL', '41.297100067139', '2.0784599781036', '12', '1', 'E', 'Europe/Madrid']
['Adolfo Su\xc3\xa1rez Madrid\xe2\x80\x93Barajas Airport', 'Madrid', 'Spain', 'MAD', 'LEMD', '40.471926', '-3.56264', '1998', '1', 'E', 'Europe/Madrid']
['M\xc3\xa1laga Airport', 'Malaga', 'Spain', 'AGP', 'LEMG', '36.67490005493164', '-4.499110221862793', '53', '1', 'E', 'Europe/Madrid']
['Santiago de Compostela Airport', 'Santiago', 'Spain', 'SCQ', 'LEST', '42.89630126953125', '-8.415140151977539', '1213', '1', 'E', 'Europe/Madrid']
['Bordeaux-M\xc3\xa9rignac Airport', 'Bordeaux', 'France', 'BOD', 'LFBD', '44.828300476100004', '-0.715556025505', '162', '1', 'E', 'Europe/Paris']
['Toulouse-Blagnac Airport', 'Toulouse', 'France', 'TLS', 'LFBO', '43.629101', '1.36382', '499', '1', 'E', 'Europe/Paris']
['Marseille Provence Airport', 'Marseille', 'France', 'MRS', 'LFML', '43.439271922', '5.22142410278', '74', '1', 'E', 'Europe/Paris']
["Nice-C\xc3\xb4te d'Azur Airport", 'Nice', 'France', 'NCE', 'LFMN', '43.6584014893', '7.215869903560001', '12', '1', 'E', 'Europe/Paris']
['Avord (BA 702) Air Base', 'Avord', 'France', '\\N', 'LFOA', '47.053299', '2.6325', '580', '1', 'E', 'Europe/Paris']
['Charles de Gaulle International Airport', 'Paris', 'France', 'CDG', 'LFPG', '49.0127983093', '2.54999995232', '392', '1', 'E', 'Europe/Paris']
['Paris-Orly Airport', 'Paris', 'France', 'ORY', 'LFPO', '48.7233333', '2.3794444', '291', '1', 'E', 'Europe/Paris']
['EuroAirport Basel-Mulhouse-Freiburg Airport', 'Mulhouse', 'France', 'BSL', 'LFSB', '47.59', '7.5291667', '885', '1', 'E', 'Europe/Paris']
['Heraklion International Nikos Kazantzakis Airport', 'Heraklion', 'Greece', 'HER', 'LGIR', '35.3396987915', '25.180299758900002', '115', '2', 'E', 'Europe/Athens']
['Thessaloniki Macedonia International Airport', 'Thessaloniki', 'Greece', 'SKG', 'LGTS', '40.51969909667969', '22.97089958190918', '22', '2', 'E', 'Europe/Athens']
['Budapest Ferenc Liszt International Airport', 'Budapest', 'Hungary', 'BUD', 'LHBP', '47.436901092499994', '19.255599975599996', '495', '1', 'E', 'Europe/Budapest']
['Bari Karol Wojty\xc5\x82a Airport', 'Bari', 'Italy', 'BRI', 'LIBD', '41.138901', '16.760599', '177', '1', 'E', 'Europe/Rome']
['Catania-Fontanarossa Airport', 'Catania', 'Italy', 'CTA', 'LICC', '37.466801', '15.0664', '39', '1', 'E', 'Europe/Rome']
['Falcone\xe2\x80\x93Borsellino Airport', 'Palermo', 'Italy', 'PMO', 'LICJ', '38.175999', '13.091', '65', '1', 'E', 'Europe/Rome']
['Cagliari Elmas Airport', 'Cagliari', 'Italy', 'CAG', 'LIEE', '39.251499', '9.05428', '13', '1', 'E', 'Europe/Rome']
['Malpensa International Airport', 'Milano', 'Italy', 'MXP', 'LIMC', '45.6306', '8.72811', '768', '1', 'E', 'Europe/Rome']
['Il Caravaggio International Airport', 'Bergamo', 'Italy', 'BGY', 'LIME', '45.673901', '9.70417', '782', '1', 'E', 'Europe/Rome']
['Turin Airport', 'Torino', 'Italy', 'TRN', 'LIMF', '45.200802', '7.64963', '989', '1', 'E', 'Europe/Rome']
['Genoa Cristoforo Colombo Airport', 'Genoa', 'Italy', 'GOA', 'LIMJ', '44.4133', '8.8375', '13', '1', 'E', 'Europe/Rome']
['Milano Linate Airport', 'Milan', 'Italy', 'LIN', 'LIML', '45.445099', '9.27674', '353', '1', 'E', 'Europe/Rome']
['Bologna Guglielmo Marconi Airport', 'Bologna', 'Italy', 'BLQ', 'LIPE', '44.5354', '11.2887', '123', '1', 'E', 'Europe/Rome']
["Treviso-Sant'Angelo Airport", 'Treviso', 'Italy', 'TSF', 'LIPH', '45.648399', '12.1944', '59', '1', 'E', 'Europe/Rome']
['Verona Villafranca Airport', 'Villafranca', 'Italy', 'VRN', 'LIPX', '45.395699', '10.8885', '239', '1', 'E', 'Europe/Rome']
['Venice Marco Polo Airport', 'Venice', 'Italy', 'VCE', 'LIPZ', '45.505299', '12.3519', '7', '1', 'E', 'Europe/Rome']
['Ciampino\xe2\x80\x93G. B. Pastine International Airport', 'Rome', 'Italy', 'CIA', 'LIRA', '41.7994', '12.5949', '427', '1', 'E', 'Europe/Rome']
['Leonardo da Vinci\xe2\x80\x93Fiumicino Airport', 'Rome', 'Italy', 'FCO', 'LIRF', '41.8002778', '12.2388889', '13', '1', 'E', 'Europe/Rome']
['Naples International Airport', 'Naples', 'Italy', 'NAP', 'LIRN', '40.886002', '14.2908', '294', '1', 'E', 'Europe/Rome']
['Pisa International Airport', 'Pisa', 'Italy', 'PSA', 'LIRP', '43.683899', '10.3927', '6', '1', 'E', 'Europe/Rome']
['Ljubljana Jo\xc5\xbee Pu\xc4\x8dnik Airport', 'Ljubljana', 'Slovenia', 'LJU', 'LJLJ', '46.223701', '14.4576', '1273', '1', 'E', 'Europe/Ljubljana']
['V\xc3\xa1clav Havel Airport Prague', 'Prague', 'Czech Republic', 'PRG', 'LKPR', '50.1008', '14.26', '1247', '1', 'E', 'Europe/Prague']
['Ben Gurion International Airport', 'Tel-aviv', 'Israel', 'TLV', 'LLBG', '32.01139831542969', '34.88669967651367', '135', '2', 'E', 'Asia/Jerusalem']
['Ovda International Airport', 'Ovda', 'Israel', 'VDA', 'LLOV', '29.94029998779297', '34.93579864501953', '1492', '2', 'E', 'Asia/Jerusalem']
['Malta International Airport', 'Malta', 'Malta', 'MLA', 'LMML', '35.857498', '14.4775', '300', '1', 'E', 'Europe/Malta']
['Vienna International Airport', 'Vienna', 'Austria', 'VIE', 'LOWW', '48.110298156738', '16.569700241089', '600', '1', 'E', 'Europe/Vienna']
['Faro Airport', 'Faro', 'Portugal', 'FAO', 'LPFR', '37.0144004822', '-7.96590995789', '24', '0', 'E', 'Europe/Lisbon']
['Lajes Field', 'Lajes (terceira Island)', 'Portugal', 'TER', 'LPLA', '38.761798858599995', '-27.090799331699998', '180', '-1', 'E', 'Atlantic/Azores']
['Jo\xc3\xa3o Paulo II Airport', 'Ponta Delgada', 'Portugal', 'PDL', 'LPPD', '37.7411994934', '-25.6979007721', '259', '-1', 'E', 'Atlantic/Azores']
['Francisco de S\xc3\xa1 Carneiro Airport', 'Porto', 'Portugal', 'OPO', 'LPPR', '41.2481002808', '-8.68138980865', '228', '0', 'E', 'Europe/Lisbon']
['Lisbon Portela Airport', 'Lisbon', 'Portugal', 'LIS', 'LPPT', '38.7812995911', '-9.13591957092', '374', '0', 'E', 'Europe/Lisbon']
['Sarajevo International Airport', 'Sarajevo', 'Bosnia and Herzegovina', 'SJJ', 'LQSA', '43.82460021972656', '18.331499099731445', '1708', '1', 'E', 'Europe/Sarajevo']
['Henri Coand\xc4\x83 International Airport', 'Bucharest', 'Romania', 'OTP', 'LROP', '44.5711111', '26.085', '314', '2', 'E', 'Europe/Bucharest']
['Geneva Cointrin International Airport', 'Geneva', 'Switzerland', 'GVA', 'LSGG', '46.23809814453125', '6.108950138092041', '1411', '1', 'E', 'Europe/Paris']
['Z\xc3\xbcrich Airport', 'Zurich', 'Switzerland', 'ZRH', 'LSZH', '47.464698791504', '8.5491695404053', '1416', '1', 'E', 'Europe/Zurich']
['Esenbo\xc4\x9fa International Airport', 'Ankara', 'Turkey', 'ESB', 'LTAC', '40.128101348899996', '32.995098114', '3125', '3', 'E', 'Europe/Istanbul']
['Adana Airport', 'Adana', 'Turkey', 'ADA', 'LTAF', '36.9822006226', '35.280399322499996', '65', '3', 'E', 'Europe/Istanbul']
['Antalya International Airport', 'Antalya', 'Turkey', 'AYT', 'LTAI', '36.898701', '30.800501', '177', '3', 'E', 'Europe/Istanbul']
['Gaziantep International Airport', 'Gaziantep', 'Turkey', 'GZT', 'LTAJ', '36.9472007751', '37.4786987305', '2315', '3', 'E', 'Europe/Istanbul']
['Atat\xc3\xbcrk International Airport', 'Istanbul', 'Turkey', 'IST', 'LTBA', '40.9768981934', '28.814599990799998', '163', '3', 'E', 'Europe/Istanbul']
['Adnan Menderes International Airport', 'Izmir', 'Turkey', 'ADB', 'LTBJ', '38.2924003601', '27.156999588', '412', '3', 'E', 'Europe/Istanbul']
['Dalaman International Airport', 'Dalaman', 'Turkey', 'DLM', 'LTBS', '36.7131004333', '28.7924995422', '20', '3', 'E', 'Europe/Istanbul']
['Erzurum International Airport', 'Erzurum', 'Turkey', 'ERZ', 'LTCE', '39.9565010071', '41.17020034789999', '5763', '3', 'E', 'Europe/Istanbul']
['Trabzon International Airport', 'Trabzon', 'Turkey', 'TZX', 'LTCG', '40.99509811401367', '39.78969955444336', '104', '3', 'E', 'Europe/Istanbul']
['Belgrade Nikola Tesla Airport', 'Belgrade', 'Serbia', 'BEG', 'LYBE', '44.8184013367', '20.3090991974', '335', '1', 'E', 'Europe/Belgrade']
['Podgorica Airport', 'Podgorica', 'Montenegro', 'TGD', 'LYPG', '42.35940170288086', '19.25189971923828', '141', '1', 'E', 'Europe/Podgorica']
['Pri\xc5\xa1tina International Airport', 'Pristina', 'Serbia', 'PRN', 'BKPR', '42.5728', '21.035801', '1789', '1', 'E', 'Europe/Belgrade']
['M. R. \xc5\xa0tef\xc3\xa1nik Airport', 'Bratislava', 'Slovakia', 'BTS', 'LZIB', '48.17020034790039', '17.21269989013672', '436', '1', 'E', 'Europe/Bratislava']
['Punta Cana International Airport', 'Punta Cana', 'Dominican Republic', 'PUJ', 'MDPC', '18.567399978599997', '-68.36340332030001', '47', '-4', 'U', 'America/Santo_Domingo']
['Las Am\xc3\xa9ricas International Airport', 'Santo Domingo', 'Dominican Republic', 'SDQ', 'MDSD', '18.42970085144', '-69.668899536133', '59', '-4', 'U', 'America/Santo_Domingo']
['Norman Manley International Airport', 'Kingston', 'Jamaica', 'KIN', 'MKJP', '17.935699462890625', '-76.7874984741211', '10', '-5', 'U', 'America/Jamaica']
['General Juan N Alvarez International Airport', 'Acapulco', 'Mexico', 'ACA', 'MMAA', '16.757099151611328', '-99.75399780273438', '16', '-6', 'S', 'America/Mexico_City']
['Don Miguel Hidalgo Y Costilla International Airport', 'Guadalajara', 'Mexico', 'GDL', 'MMGL', '20.521799087524414', '-103.31099700927734', '5016', '-6', 'S', 'America/Mexico_City']
['General Ignacio P. Garcia International Airport', 'Hermosillo', 'Mexico', 'HMO', 'MMHO', '29.095899581900003', '-111.047996521', '627', '-7', 'S', 'America/Hermosillo']
['Licenciado Benito Juarez International Airport', 'Mexico City', 'Mexico', 'MEX', 'MMMX', '19.4363', '-99.072098', '7316', '-6', 'S', 'America/Mexico_City']
['General Mariano Escobedo International Airport', 'Monterrey', 'Mexico', 'MTY', 'MMMY', '25.7784996033', '-100.107002258', '1278', '-6', 'S', 'America/Mexico_City']
['Puerto Pe\xc3\xb1asco International Airport', 'Punta Penasco', 'Mexico', 'PPE', 'MMPE', '31.356202', '-113.525677', '30', '-7', 'S', 'America/Hermosillo']
['Licenciado Gustavo D\xc3\xadaz Ordaz International Airport', 'Puerto Vallarta', 'Mexico', 'PVR', 'MMPR', '20.680099487304688', '-105.25399780273438', '23', '-6', 'S', 'America/Mexico_City']
['Los Cabos International Airport', 'San Jose Del Cabo', 'Mexico', 'SJD', 'MMSD', '23.15180015563965', '-109.72100067138672', '374', '-7', 'S', 'America/Mazatlan']
['General Abelardo L. Rodr\xc3\xadguez International Airport', 'Tijuana', 'Mexico', 'TIJ', 'MMTJ', '32.541099548339844', '-116.97000122070312', '489', '-8', 'S', 'America/Tijuana']
['Canc\xc3\xban International Airport', 'Cancun', 'Mexico', 'CUN', 'MMUN', '21.036500930800003', '-86.8770980835', '22', '-5', 'S', 'America/Cancun']
['Tocumen International Airport', 'Panama City', 'Panama', 'PTY', 'MPTO', '9.0713596344', '-79.3834991455', '135', '-5', 'U', 'America/Panama']
['El Salvador International Airport', 'San Salvador', 'El Salvador', 'SAL', 'MSLP', '13.4409', '-89.055702', '101', '-6', 'U', 'America/El_Salvador']
['Jos\xc3\xa9 Mart\xc3\xad International Airport', 'Havana', 'Cuba', 'HAV', 'MUHA', '22.989200592041016', '-82.40910339355469', '210', '-5', 'U', 'America/Havana']
['Juan Gualberto Gomez International Airport', 'Varadero', 'Cuba', 'VRA', 'MUVR', '23.034400939941406', '-81.435302734375', '210', '-5', 'U', 'America/Havana']
['Owen Roberts International Airport', 'Georgetown', 'Cayman Islands', 'GCM', 'MWCR', '19.292800903299998', '-81.3576965332', '8', '-5', 'N', 'America/Cayman']
['Lynden Pindling International Airport', 'Nassau', 'Bahamas', 'NAS', 'MYNN', '25.0389995575', '-77.46620178219999', '16', '-5', 'U', 'America/Nassau']
['Philip S. W. Goldson International Airport', 'Belize City', 'Belize', 'BZE', 'MZBZ', '17.539100646972656', '-88.30819702148438', '15', '-6', 'U', 'America/Belize']
['Rarotonga International Airport', 'Avarua', 'Cook Islands', 'RAR', 'NCRG', '-21.2026996613', '-159.805999756', '19', '-10', 'U', 'Pacific/Rarotonga']
['Auckland International Airport', 'Auckland', 'New Zealand', 'AKL', 'NZAA', '-37.008098602299995', '174.792007446', '23', '12', 'Z', 'Pacific/Auckland']
['Christchurch International Airport', 'Christchurch', 'New Zealand', 'CHC', 'NZCH', '-43.48939895629883', '172.53199768066406', '123', '12', 'Z', 'Pacific/Auckland']
['Wellington International Airport', 'Wellington', 'New Zealand', 'WLG', 'NZWN', '-41.3272018433', '174.804992676', '41', '12', 'Z', 'Pacific/Auckland']
['Bahrain International Airport', 'Bahrain', 'Bahrain', 'BAH', 'OBBI', '26.27079963684082', '50.63359832763672', '6', '3', 'U', 'Asia/Bahrain']
['King Fahd International Airport', 'Dammam', 'Saudi Arabia', 'DMM', 'OEDF', '26.471200942993164', '49.79790115356445', '72', '3', 'U', 'Asia/Riyadh']
['King Abdulaziz Air Base', 'Dhahran', 'Saudi Arabia', 'DHA', 'OEDR', '26.265399932900003', '50.152000427199994', '84', '3', 'U', 'Asia/Riyadh']
['King Abdulaziz International Airport', 'Jeddah', 'Saudi Arabia', 'JED', 'OEJN', '21.6796', '39.156502', '48', '3', 'U', 'Asia/Riyadh']
['Prince Mohammad Bin Abdulaziz Airport', 'Madinah', 'Saudi Arabia', 'MED', 'OEMA', '24.55340003967285', '39.705101013183594', '2151', '3', 'U', 'Asia/Riyadh']
['King Khaled International Airport', 'Riyadh', 'Saudi Arabia', 'RUH', 'OERK', '24.957599639892578', '46.69879913330078', '2049', '3', 'U', 'Asia/Riyadh']
['Mehrabad International Airport', 'Teheran', 'Iran', 'THR', 'OIII', '35.68920135498047', '51.31340026855469', '3962', '3.5', 'E', 'Asia/Tehran']
['Shiraz Shahid Dastghaib International Airport', 'Shiraz', 'Iran', 'SYZ', 'OISS', '29.539199829101562', '52.58980178833008', '4920', '3.5', 'E', 'Asia/Tehran']
['Tabriz International Airport', 'Tabriz', 'Iran', 'TBZ', 'OITT', '38.1338996887207', '46.23500061035156', '4459', '3.5', 'E', 'Asia/Tehran']
['Queen Alia International Airport', 'Amman', 'Jordan', 'AMM', 'OJAI', '31.7226009369', '35.9931983948', '2395', '2', 'E', 'Asia/Amman']
['Kuwait International Airport', 'Kuwait', 'Kuwait', 'KWI', 'OKBK', '29.226600646972656', '47.96889877319336', '206', '3', 'U', 'Asia/Kuwait']
['Beirut Rafic Hariri International Airport', 'Beirut', 'Lebanon', 'BEY', 'OLBA', '33.820899963378906', '35.488399505615234', '87', '2', 'E', 'Asia/Beirut']
['Abu Dhabi International Airport', 'Abu Dhabi', 'United Arab Emirates', 'AUH', 'OMAA', '24.433000564575195', '54.651100158691406', '88', '4', 'U', 'Asia/Dubai']
['Dubai International Airport', 'Dubai', 'United Arab Emirates', 'DXB', 'OMDB', '25.2527999878', '55.3643989563', '62', '4', 'U', 'Asia/Dubai']
['Sharjah International Airport', 'Sharjah', 'United Arab Emirates', 'SHJ', 'OMSJ', '25.32859992980957', '55.5172004699707', '111', '4', 'U', 'Asia/Dubai']
['Muscat International Airport', 'Muscat', 'Oman', 'MCT', 'OOMS', '23.593299865722656', '58.284400939941406', '48', '4', 'U', 'Asia/Muscat']
['Benazir Bhutto International Airport', 'Islamabad', 'Pakistan', 'ISB', 'OPRN', '33.61669921875', '73.09919738769531', '1668', '5', 'N', 'Asia/Karachi']
['Basrah International Airport', 'Basrah', 'Iraq', 'BSR', 'ORMM', '30.549100875854492', '47.66210174560547', '11', '3', 'U', 'Asia/Baghdad']
['Aleppo International Airport', 'Aleppo', 'Syria', 'ALP', 'OSAP', '36.18069839477539', '37.22439956665039', '1276', '2', 'E', 'Asia/Damascus']
['Damascus International Airport', 'Damascus', 'Syria', 'DAM', 'OSDI', '33.4114990234375', '36.51559829711914', '2020', '2', 'E', 'Asia/Damascus']
['Bassel Al-Assad International Airport', 'Latakia', 'Syria', 'LTK', 'OSLK', '35.401100158691406', '35.948699951171875', '157', '2', 'E', 'Asia/Damascus']
['Antonio B. Won Pat International Airport', 'Agana', 'Guam', 'GUM', 'PGUM', '13.4834003448', '144.796005249', '298', '10', 'U', 'Pacific/Guam']
['Kinmen Airport', 'Kinmen', 'Taiwan', 'KNH', 'RCBS', '24.427900314331055', '118.35900115966797', '93', '8', 'U', 'Asia/Taipei']
['Kaohsiung International Airport', 'Kaohsiung', 'Taiwan', 'KHH', 'RCKH', '22.57710075378418', '120.3499984741211', '31', '8', 'U', 'Asia/Taipei']
['Taiwan Taoyuan International Airport', 'Taipei', 'Taiwan', 'TPE', 'RCTP', '25.0777', '121.233002', '106', '8', 'U', 'Asia/Taipei']
['Narita International Airport', 'Tokyo', 'Japan', 'NRT', 'RJAA', '35.7647018433', '140.386001587', '141', '9', 'U', 'Asia/Tokyo']
['New Chitose Airport', 'Sapporo', 'Japan', 'CTS', 'RJCC', '42.77519989013672', '141.69200134277344', '82', '9', 'U', 'Asia/Tokyo']
['Fukuoka Airport', 'Fukuoka', 'Japan', 'FUK', 'RJFF', '33.585899353027344', '130.4510040283203', '32', '9', 'U', 'Asia/Tokyo']
['Kagoshima Airport', 'Kagoshima', 'Japan', 'KOJ', 'RJFK', '31.80340003967285', '130.718994140625', '906', '9', 'U', 'Asia/Tokyo']
['Osaka International Airport', 'Osaka', 'Japan', 'ITM', 'RJOO', '34.785499572753906', '135.43800354003906', '50', '9', 'U', 'Asia/Tokyo']
['Tokyo Haneda International Airport', 'Tokyo', 'Japan', 'HND', 'RJTT', '35.552299', '139.779999', '35', '9', 'U', 'Asia/Tokyo']
['Yokota Air Base', 'Yokota', 'Japan', 'OKO', 'RJTY', '35.74850082397461', '139.34800720214844', '463', '9', 'U', 'Asia/Tokyo']
['Jeju International Airport', 'Cheju', 'South Korea', 'CJU', 'RKPC', '33.51129913330078', '126.49299621582031', '118', '9', 'U', 'Asia/Seoul']
['Gimhae International Airport', 'Busan', 'South Korea', 'PUS', 'RKPK', '35.1795005798', '128.93800354', '6', '9', 'U', 'Asia/Seoul']
['Osan Air Base', 'Osan', 'South Korea', 'OSN', 'RKSO', '37.090599', '127.029999', '38', '9', 'U', 'Asia/Seoul']
['Gimpo International Airport', 'Seoul', 'South Korea', 'GMP', 'RKSS', '37.5583000183', '126.791000366', '58', '9', 'U', 'Asia/Seoul']
['Naha Airport', 'Okinawa', 'Japan', 'OKA', 'ROAH', '26.1958007812', '127.646003723', '12', '9', 'N', 'Asia/Tokyo']
['Kadena Air Base', 'Kadena', 'Japan', 'DNA', 'RODN', '26.3556', '127.767998', '143', '9', 'U', 'Asia/Tokyo']
['Ninoy Aquino International Airport', 'Manila', 'Philippines', 'MNL', 'RPLL', '14.5086', '121.019997', '75', '8', 'N', 'Asia/Manila']
['Cagayan De Oro Airport', 'Ladag', 'Philippines', 'CGY', 'RPML', '8.41562', '124.611', '601', '8', 'N', 'Asia/Manila']
['Val de Cans/J\xc3\xbalio Cezar Ribeiro International Airport', 'Belem', 'Brazil', 'BEL', 'SBBE', '-1.3792500495900002', '-48.4762992859', '54', '-3', 'S', 'America/Belem']
['Presidente Juscelino Kubistschek International Airport', 'Brasilia', 'Brazil', 'BSB', 'SBBR', '-15.86916732788086', '-47.920833587646484', '3497', '-3', 'S', 'America/Sao_Paulo']
['Tancredo Neves International Airport', 'Belo Horizonte', 'Brazil', 'CNF', 'SBCF', '-19.62444305419922', '-43.97194290161133', '2715', '-3', 'S', 'America/Sao_Paulo']
['Afonso Pena Airport', 'Curitiba', 'Brazil', 'CWB', 'SBCT', '-25.5284996033', '-49.1758003235', '2988', '-3', 'S', 'America/Sao_Paulo']
['Herc\xc3\xadlio Luz International Airport', 'Florianopolis', 'Brazil', 'FLN', 'SBFL', '-27.670278549194336', '-48.5525016784668', '16', '-3', 'S', 'America/Sao_Paulo']
['Rio Gale\xc3\xa3o \xe2\x80\x93 Tom Jobim International Airport', 'Rio De Janeiro', 'Brazil', 'GIG', 'SBGL', '-22.8099994659', '-43.2505569458', '28', '-3', 'S', 'America/Sao_Paulo']
['Guarulhos - Governador Andr\xc3\xa9 Franco Montoro International Airport', 'Sao Paulo', 'Brazil', 'GRU', 'SBGR', '-23.435556411743164', '-46.47305679321289', '2459', '-3', 'S', 'America/Sao_Paulo']
['Governador Alu\xc3\xadzio Alves International Airport', 'Natal', 'Brazil', 'NAT', 'SBSG', '-5.768056', '-35.376111', '272', '-3', 'S', 'America/Fortaleza']
['Congonhas Airport', 'Sao Paulo', 'Brazil', 'CGH', 'SBSP', '-23.626110076904297', '-46.65638732910156', '2631', '-3', 'S', 'America/Sao_Paulo']
['Deputado Luiz Eduardo Magalh\xc3\xa3es International Airport', 'Salvador', 'Brazil', 'SSA', 'SBSV', '-12.9086112976', '-38.3224983215', '64', '-3', 'S', 'America/Fortaleza']
['Comodoro Arturo Merino Ben\xc3\xadtez International Airport', 'Santiago', 'Chile', 'SCL', 'SCEL', '-33.393001556396484', '-70.78579711914062', '1555', '-4', 'S', 'America/Santiago']
['Cotopaxi International Airport', 'Latacunga', 'Ecuador', 'LTX', 'SELT', '-0.9068329930310001', '-78.6157989502', '9205', '-5', 'U', 'America/Guayaquil']
['Mariscal Sucre International Airport', 'Quito', 'Ecuador', 'UIO', 'SEQM', '-0.129166666667', '-78.3575', '7841', '-5', 'U', 'America/Guayaquil']
['El Dorado International Airport', 'Bogota', 'Colombia', 'BOG', 'SKBO', '4.70159', '-74.1469', '8361', '-5', 'U', 'America/Bogota']
['Sim\xc3\xb3n Bol\xc3\xadvar International Airport', 'Santa Marta', 'Colombia', 'SMR', 'SKSM', '11.1196', '-74.2306', '22', '-5', 'U', 'America/Bogota']
['Jorge Ch\xc3\xa1vez International Airport', 'Lima', 'Peru', 'LIM', 'SPIM', '-12.0219', '-77.114304', '113', '-5', 'U', 'America/Lima']
['Alejandro Velasco Astete International Airport', 'Cuzco', 'Peru', 'CUZ', 'SPZO', '-13.535699844400002', '-71.9387969971', '10860', '-5', 'U', 'America/Lima']
['Carrasco International /General C L Berisso Airport', 'Montevideo', 'Uruguay', 'MVD', 'SUMU', '-34.838401794433594', '-56.030799865722656', '105', '-3', 'S', 'America/Montevideo']
['General Jose Antonio Anzoategui International Airport', 'Barcelona', 'Venezuela', 'BLA', 'SVBC', '10.107099533081055', '-64.68920135498047', '26', '-4', 'U', 'America/Caracas']
['Sim\xc3\xb3n Bol\xc3\xadvar International Airport', 'Caracas', 'Venezuela', 'CCS', 'SVMI', '10.6031169891', '-66.9905853271', '235', '-4', 'U', 'America/Caracas']
['Pointe-\xc3\xa0-Pitre Le Raizet', 'Pointe-a-pitre', 'Guadeloupe', 'PTP', 'TFFR', '16.265300750732422', '-61.53179931640625', '36', '-4', 'U', 'America/Guadeloupe']
['Luis Munoz Marin International Airport', 'San Juan', 'Puerto Rico', 'SJU', 'TJSJ', '18.4393997192', '-66.0018005371', '9', '-4', 'U', 'America/Puerto_Rico']
['Princess Juliana International Airport', 'Philipsburg', 'Netherlands Antilles', 'SXM', 'TNCM', '18.041000366200002', '-63.1088981628', '13', '-4', 'U', 'America/Curacao']
['Almaty Airport', 'Alma-ata', 'Kazakhstan', 'ALA', 'UAAA', '43.35210037231445', '77.04049682617188', '2234', '6', 'U', 'Asia/Qyzylorda']
['Astana International Airport', 'Tselinograd', 'Kazakhstan', 'TSE', 'UACC', '51.02220153808594', '71.46690368652344', '1165', '6', 'U', 'Asia/Qyzylorda']
['Manas International Airport', 'Bishkek', 'Kyrgyzstan', 'FRU', 'UAFM', '43.0612983704', '74.4776000977', '2058', '6', 'U', 'Asia/Bishkek']
['Heydar Aliyev International Airport', 'Baku', 'Azerbaijan', 'GYD', 'UBBB', '40.467498779296875', '50.04669952392578', '10', '4', 'E', 'Asia/Baku']
['Khabarovsk-Novy Airport', 'Khabarovsk', 'Russia', 'KHV', 'UHHH', '48.52799987793', '135.18800354004', '244', '10', 'N', 'Asia/Vladivostok']
['Boryspil International Airport', 'Kiev', 'Ukraine', 'KBP', 'UKBB', '50.345001220703125', '30.894699096679688', '427', '2', 'E', 'Europe/Kiev']
['Simferopol International Airport', 'Simferopol', 'Ukraine', 'SIP', 'UKFF', '45.05220031738281', '33.975101470947266', '639', '3', 'E', 'Europe/Simferopol']
['Odessa International Airport', 'Odessa', 'Ukraine', 'ODS', 'UKOO', '46.42679977416992', '30.67650032043457', '172', '2', 'E', 'Europe/Kiev']
['Pulkovo Airport', 'St. Petersburg', 'Russia', 'LED', 'ULLI', '59.80030059814453', '30.262500762939453', '78', '3', 'N', 'Europe/Moscow']
['Minsk National Airport', 'Minsk 2', 'Belarus', 'MSQ', 'UMMS', '53.882499694824', '28.030700683594', '670', '3', 'E', 'Europe/Minsk']
['Rostov-on-Don Airport', 'Rostov', 'Russia', 'ROV', 'URRR', '47.2582015991', '39.8180999756', '280', '3', 'N', 'Europe/Moscow']
['Sochi International Airport', 'Sochi', 'Russia', 'AER', 'URSS', '43.449901580811', '39.956600189209', '89', '3', 'N', 'Europe/Moscow']
['Koltsovo Airport', 'Yekaterinburg', 'Russia', 'SVX', 'USSS', '56.743099212646', '60.802700042725', '764', '5', 'N', 'Asia/Yekaterinburg']
['Tashkent International Airport', 'Tashkent', 'Uzbekistan', 'TAS', 'UTTT', '41.257900238', '69.2811965942', '1417', '5', 'U', 'Asia/Samarkand']
['Sheremetyevo International Airport', 'Moscow', 'Russia', 'SVO', 'UUEE', '55.972599', '37.4146', '622', '3', 'N', 'Europe/Moscow']
['Vnukovo International Airport', 'Moscow', 'Russia', 'VKO', 'UUWW', '55.5914993286', '37.2615013123', '685', '3', 'N', 'Europe/Moscow']
['Kazan International Airport', 'Kazan', 'Russia', 'KZN', 'UWKD', '55.606201171875', '49.278701782227', '411', '3', 'N', 'Europe/Moscow']
['Ufa International Airport', 'Ufa', 'Russia', 'UFA', 'UWUU', '54.557498931885', '55.874401092529', '449', '5', 'N', 'Asia/Yekaterinburg']
['Kurumoch International Airport', 'Samara', 'Russia', 'KUF', 'UWWW', '53.504901885986', '50.16429901123', '477', '4', 'N', 'Europe/Samara']
['Chhatrapati Shivaji International Airport', 'Mumbai', 'India', 'BOM', 'VABB', '19.0886993408', '72.8678970337', '39', '5.5', 'N', 'Asia/Calcutta']
['Dabolim Airport', 'Goa', 'India', 'GOI', 'VAGO', '15.3808002472', '73.8313980103', '150', '5.5', 'N', 'Asia/Calcutta']
['Bandaranaike International Colombo Airport', 'Colombo', 'Sri Lanka', 'CMB', 'VCBI', '7.180759906768799', '79.88410186767578', '30', '5.5', 'U', 'Asia/Colombo']
['Phnom Penh International Airport', 'Phnom-penh', 'Cambodia', 'PNH', 'VDPP', '11.546600341796875', '104.84400177001953', '40', '7', 'U', 'Asia/Phnom_Penh']
['Siem Reap International Airport', 'Siem-reap', 'Cambodia', 'REP', 'VDSR', '13.410699844400002', '103.81300354', '60', '7', 'U', 'Asia/Phnom_Penh']
['Netaji Subhash Chandra Bose International Airport', 'Kolkata', 'India', 'CCU', 'VECC', '22.654699325561523', '88.44670104980469', '16', '5.5', 'N', 'Asia/Calcutta']
['Chek Lap Kok International Airport', 'Hong Kong', 'Hong Kong', 'HKG', 'VHHH', '22.3089008331', '113.915000916', '28', '8', 'U', 'Asia/Hong_Kong']
['Sri Guru Ram Dass Jee International Airport', 'Amritsar', 'India', 'ATQ', 'VIAR', '31.7096004486', '74.7973022461', '756', '5.5', 'N', 'Asia/Calcutta']
['Indira Gandhi International Airport', 'Delhi', 'India', 'DEL', 'VIDP', '28.566499710083008', '77.10310363769531', '777', '5.5', 'N', 'Asia/Calcutta']
['Macau International Airport', 'Macau', 'Macau', 'MFM', 'VMMC', '22.149599075317383', '113.59200286865234', '20', '8', 'U', 'Asia/Macau']
['Kempegowda International Airport', 'Bangalore', 'India', 'BLR', 'VOBL', '13.1979', '77.706299', '3000', '5.5', 'N', 'Asia/Calcutta']
['Cochin International Airport', 'Kochi', 'India', 'COK', 'VOCI', '10.1520004272', '76.40190124510002', '30', '5.5', 'N', 'Asia/Calcutta']
['Calicut International Airport', 'Calicut', 'India', 'CCJ', 'VOCL', '11.1367998123', '75.95529937740001', '342', '5.5', 'N', 'Asia/Calcutta']
['Chennai International Airport', 'Madras', 'India', 'MAA', 'VOMM', '12.990005493164062', '80.16929626464844', '52', '5.5', 'N', 'Asia/Calcutta']
['Trivandrum International Airport', 'Trivandrum', 'India', 'TRV', 'VOTV', '8.48211956024', '76.9200973511', '15', '5.5', 'N', 'Asia/Calcutta']
['Mal\xc3\xa9 International Airport', 'Male', 'Maldives', 'MLE', 'VRMM', '4.191830158233643', '73.52909851074219', '6', '5', 'U', 'Indian/Maldives']
['Don Mueang International Airport', 'Bangkok', 'Thailand', 'DMK', 'VTBD', '13.9125995636', '100.607002258', '9', '7', 'U', 'Asia/Bangkok']
['Phuket International Airport', 'Phuket', 'Thailand', 'HKT', 'VTSP', '8.11320018768', '98.3169021606', '82', '7', 'U', 'Asia/Bangkok']
['Da Nang International Airport', 'Danang', 'Vietnam', 'DAD', 'VVDN', '16.043899536132812', '108.1989974975586', '33', '7', 'U', 'Asia/Saigon']
['Noi Bai International Airport', 'Hanoi', 'Vietnam', 'HAN', 'VVNB', '21.221200942993164', '105.80699920654297', '39', '7', 'U', 'Asia/Saigon']
['Tan Son Nhat International Airport', 'Ho Chi Minh City', 'Vietnam', 'SGN', 'VVTS', '10.8187999725', '106.652000427', '33', '7', 'U', 'Asia/Saigon']
['Mandalay International Airport', 'Mandalay', 'Burma', 'MDL', 'VYMD', '21.702199935913086', '95.97789764404297', '300', '6.5', 'U', 'Asia/Rangoon']
['Yangon International Airport', 'Yangon', 'Burma', 'RGN', 'VYYY', '16.907300949099998', '96.1332015991', '109', '6.5', 'U', 'Asia/Rangoon']
['Hasanuddin International Airport', 'Ujung Pandang', 'Indonesia', 'UPG', 'WAAA', '-5.061629772186279', '119.55400085449219', '47', '8', 'N', 'Asia/Makassar']
['Dominique Edward Osok Airport', 'Sorong', 'Indonesia', 'SOQ', 'WAXX', '-0.894', '131.287', '10', '9', 'N', 'Asia/Jayapura']
['Brunei International Airport', 'Bandar Seri Begawan', 'Brunei', 'BWN', 'WBSB', '4.944200038909912', '114.9280014038086', '73', '8', 'U', 'Asia/Brunei']
['Soekarno-Hatta International Airport', 'Jakarta', 'Indonesia', 'CGK', 'WIII', '-6.1255698204', '106.65599823', '34', '7', 'N', 'Asia/Jakarta']
['Kuala Lumpur International Airport', 'Kuala Lumpur', 'Malaysia', 'KUL', 'WMKK', '2.745579957962', '101.70999908447', '69', '8', 'N', 'Asia/Kuala_Lumpur']
['Singapore Changi Airport', 'Singapore', 'Singapore', 'SIN', 'WSSS', '1.35019', '103.994003', '22', '8', 'N', 'Asia/Singapore']
['Brisbane International Airport', 'Brisbane', 'Australia', 'BNE', 'YBBN', '-27.384199142456055', '153.11700439453125', '13', '10', 'N', 'Australia/Brisbane']
['Melbourne International Airport', 'Melbourne', 'Australia', 'MEL', 'YMML', '-37.673301696777344', '144.84300231933594', '434', '10', 'O', 'Australia/Hobart']
['Adelaide International Airport', 'Adelaide', 'Australia', 'ADL', 'YPAD', '-34.94499969482422', '138.531005859375', '20', '9.5', 'O', 'Australia/Adelaide']
['Perth International Airport', 'Perth', 'Australia', 'PER', 'YPPH', '-31.94029998779297', '115.96700286865234', '67', '8', 'N', 'Australia/Perth']
['Canberra International Airport', 'Canberra', 'Australia', 'CBR', 'YSCB', '-35.30690002441406', '149.19500732421875', '1886', '10', 'O', 'Australia/Sydney']
['Sydney Kingsford Smith International Airport', 'Sydney', 'Australia', 'SYD', 'YSSY', '-33.94609832763672', '151.177001953125', '21', '10', 'O', 'Australia/Sydney']
['Beijing Capital International Airport', 'Beijing', 'China', 'PEK', 'ZBAA', '40.080101013183594', '116.58499908447266', '116', '8', 'U', 'Asia/Shanghai']
['Tianjin Binhai International Airport', 'Tianjin', 'China', 'TSN', 'ZBTJ', '39.124401092499994', '117.346000671', '10', '8', 'U', 'Asia/Shanghai']
['Taiyuan Wusu Airport', 'Taiyuan', 'China', 'TYN', 'ZBYN', '37.74689865112305', '112.62799835205078', '2575', '8', 'U', 'Asia/Shanghai']
['Guangzhou Baiyun International Airport', 'Guangzhou', 'China', 'CAN', 'ZGGG', '23.39240074157715', '113.29900360107422', '50', '8', 'U', 'Asia/Shanghai']
['Changsha Huanghua International Airport', 'Changcha', 'China', 'CSX', 'ZGHA', '28.189199447599997', '113.220001221', '217', '8', 'U', 'Asia/Shanghai']
['Guilin Liangjiang International Airport', 'Guilin', 'China', 'KWL', 'ZGKL', '25.21809959411621', '110.03900146484375', '570', '8', 'U', 'Asia/Shanghai']
['Nanning Wuxu Airport', 'Nanning', 'China', 'NNG', 'ZGNN', '22.608299255371094', '108.1719970703125', '421', '8', 'U', 'Asia/Shanghai']
["Shenzhen Bao'an International Airport", 'Shenzhen', 'China', 'SZX', 'ZGSZ', '22.639299392700195', '113.81099700927734', '13', '8', 'U', 'Asia/Shanghai']
['Zhengzhou Xinzheng International Airport', 'Zhengzhou', 'China', 'CGO', 'ZHCC', '34.519699096699995', '113.841003418', '495', '8', 'U', 'Asia/Shanghai']
['Wuhan Tianhe International Airport', 'Wuhan', 'China', 'WUH', 'ZHHH', '30.78380012512207', '114.20800018310547', '113', '8', 'U', 'Asia/Shanghai']
["Xi'an Xianyang International Airport", "Xi'an", 'China', 'XIY', 'ZLXY', '34.44710159301758', '108.75199890136719', '1572', '8', 'U', 'Asia/Shanghai']
['Kunming Changshui International Airport', 'Kunming', 'China', 'KMG', 'ZPPP', '25.1019444', '102.9291667', '6903', '8', 'N', 'Asia/Shanghai']
['Xiamen Gaoqi International Airport', 'Xiamen', 'China', 'XMN', 'ZSAM', '24.54400062561035', '118.12799835205078', '59', '8', 'U', 'Asia/Shanghai']
['Fuzhou Changle International Airport', 'Fuzhou', 'China', 'FOC', 'ZSFZ', '25.935100555419922', '119.66300201416016', '46', '8', 'U', 'Asia/Shanghai']
['Hangzhou Xiaoshan International Airport', 'Hangzhou', 'China', 'HGH', 'ZSHC', '30.22949981689453', '120.43399810791016', '23', '8', 'U', 'Asia/Shanghai']
['Ningbo Lishe International Airport', 'Ninbo', 'China', 'NGB', 'ZSNB', '29.82670021057129', '121.46199798583984', '13', '8', 'U', 'Asia/Shanghai']
['Nanjing Lukou Airport', 'Nanjing', 'China', 'NKG', 'ZSNJ', '31.742000579833984', '118.86199951171875', '49', '8', 'U', 'Asia/Shanghai']
['Shanghai Hongqiao International Airport', 'Shanghai', 'China', 'SHA', 'ZSSS', '31.197900772094727', '121.33599853515625', '10', '8', 'U', 'Asia/Shanghai']
['Chongqing Jiangbei International Airport', 'Chongqing', 'China', 'CKG', 'ZUCK', '29.719200134277344', '106.64199829101562', '1365', '8', 'U', 'Asia/Shanghai']
['Longdongbao Airport', 'Guiyang', 'China', 'KWE', 'ZUGY', '26.53849983215332', '106.8010025024414', '3736', '8', 'U', 'Asia/Shanghai']
['Chengdu Shuangliu International Airport', 'Chengdu', 'China', 'CTU', 'ZUUU', '30.578500747680664', '103.9469985961914', '1625', '8', 'U', 'Asia/Shanghai']
['\xc3\x9cr\xc3\xbcmqi Diwopu International Airport', 'Urumqi', 'China', 'URC', 'ZWWW', '43.907100677490234', '87.47419738769531', '2125', '8', 'U', 'Asia/Shanghai']
['Taiping Airport', 'Harbin', 'China', 'HRB', 'ZYHB', '45.6234016418457', '126.25', '457', '8', 'U', 'Asia/Shanghai']
['Zhoushuizi Airport', 'Dalian', 'China', 'DLC', 'ZYTL', '38.9656982421875', '121.53900146484375', '107', '8', 'U', 'Asia/Shanghai']
['Shanghai Pudong International Airport', 'Shanghai', 'China', 'PVG', 'ZSPD', '31.143400192260742', '121.80500030517578', '13', '8', 'U', 'Asia/Shanghai']
['Fort Smith Regional Airport', 'Fort Smith', 'United States', 'FSM', 'KFSM', '35.33660125732422', '-94.36740112304688', '469', '-6', 'A', 'America/Chicago']
['General Edward Lawrence Logan International Airport', 'Boston', 'United States', 'BOS', 'KBOS', '42.36429977', '-71.00520325', '20', '-5', 'A', 'America/New_York']
['Travis Air Force Base', 'Fairfield', 'United States', 'SUU', 'KSUU', '38.262699127197', '-121.92700195312', '62', '-8', 'A', 'America/Los_Angeles']
['Metropolitan Oakland International Airport', 'Oakland', 'United States', 'OAK', 'KOAK', '37.72129821777344', '-122.22100067138672', '9', '-8', 'A', 'America/Los_Angeles']
['Wichita Mid Continent Airport', 'Wichita', 'United States', 'ICT', 'KICT', '37.649898529052734', '-97.43309783935547', '1333', '-6', 'A', 'America/Chicago']
['Kansas City International Airport', 'Kansas City', 'United States', 'MCI', 'KMCI', '39.2976', '-94.713898', '1026', '-6', 'A', 'America/Chicago']
['Dane County Regional Truax Field', 'Madison', 'United States', 'MSN', 'KMSN', '43.13990020751953', '-89.3375015258789', '887', '-6', 'A', 'America/Chicago']
['Phoenix Sky Harbor International Airport', 'Phoenix', 'United States', 'PHX', 'KPHX', '33.43429946899414', '-112.01200103759766', '1135', '-7', 'N', 'America/Phoenix']
['Bangor International Airport', 'Bangor', 'United States', 'BGR', 'KBGR', '44.80739974975586', '-68.8281021118164', '192', '-5', 'A', 'America/New_York']
['Spokane International Airport', 'Spokane', 'United States', 'GEG', 'KGEG', '47.61989974975586', '-117.53399658203125', '2376', '-8', 'A', 'America/Los_Angeles']
['San Francisco International Airport', 'San Francisco', 'United States', 'SFO', 'KSFO', '37.61899948120117', '-122.375', '13', '-8', 'A', 'America/Los_Angeles']
['Memphis International Airport', 'Memphis', 'United States', 'MEM', 'KMEM', '35.04240036010742', '-89.97669982910156', '341', '-6', 'A', 'America/Chicago']
['Laughlin Air Force Base', 'Del Rio', 'United States', 'DLF', 'KDLF', '29.359500885', '-100.777999878', '1082', '-6', 'A', 'America/Chicago']
['Los Angeles International Airport', 'Los Angeles', 'United States', 'LAX', 'KLAX', '33.94250107', '-118.4079971', '125', '-8', 'A', 'America/Los_Angeles']
['Cleveland Hopkins International Airport', 'Cleveland', 'United States', 'CLE', 'KCLE', '41.4117012024', '-81.8498001099', '791', '-5', 'A', 'America/New_York']
['Dover Air Force Base', 'Dover', 'United States', 'DOV', 'KDOV', '39.12950134', '-75.46600342', '24', '-5', 'A', 'America/New_York']
['Cincinnati Northern Kentucky International Airport', 'Cincinnati', 'United States', 'CVG', 'KCVG', '39.0488014221', '-84.6678009033', '896', '-5', 'A', 'America/New_York']
['Lafayette Regional Airport', 'Lafayette', 'United States', 'LFT', 'KLFT', '30.20529938', '-91.98760223', '42', '-6', 'A', 'America/Chicago']
['Newark Liberty International Airport', 'Newark', 'United States', 'EWR', 'KEWR', '40.692501068115234', '-74.168701171875', '18', '-5', 'A', 'America/New_York']
['Boise Air Terminal/Gowen field', 'Boise', 'United States', 'BOI', 'KBOI', '43.56439972', '-116.2229996', '2871', '-7', 'A', 'America/Denver']
['Dallas Love Field', 'Dallas', 'United States', 'DAL', 'KDAL', '32.84709930419922', '-96.85179901123047', '487', '-6', 'A', 'America/Chicago']
['Luke Air Force Base', 'Phoenix', 'United States', 'LUF', 'KLUF', '33.534999847399995', '-112.383003235', '1085', '-7', 'A', 'America/Phoenix']
['Vance Air Force Base', 'Enid', 'United States', 'END', 'KEND', '36.339199066199996', '-97.9164962769', '1307', '-6', 'A', 'America/Chicago']
['Edwards Air Force Base', 'Edwards Afb', 'United States', 'EDW', 'KEDW', '34.905399', '-117.884003', '2312', '-8', 'A', 'America/Los_Angeles']
['Ronald Reagan Washington National Airport', 'Washington', 'United States', 'DCA', 'KDCA', '38.8521', '-77.037697', '15', '-5', 'A', 'America/New_York']
['Tinker Air Force Base', 'Oklahoma City', 'United States', 'TIK', 'KTIK', '35.414699554443', '-97.386596679688', '1291', '-6', 'A', 'America/Chicago']
['Fort Lauderdale Hollywood International Airport', 'Fort Lauderdale', 'United States', 'FLL', 'KFLL', '26.072599411010742', '-80.15270233154297', '9', '-5', 'A', 'America/New_York']
['Salt Lake City International Airport', 'Salt Lake City', 'United States', 'SLC', 'KSLC', '40.78839874267578', '-111.97799682617188', '4227', '-7', 'A', 'America/Denver']
['George Bush Intercontinental Houston Airport', 'Houston', 'United States', 'IAH', 'KIAH', '29.984399795532227', '-95.34140014648438', '97', '-6', 'A', 'America/Chicago']
['Andrews Air Force Base', 'Camp Springs', 'United States', 'ADW', 'KADW', '38.810798645', '-76.86699676510001', '280', '-5', 'A', 'America/New_York']
['Columbia Metropolitan Airport', 'Columbia', 'United States', 'CAE', 'KCAE', '33.93880081176758', '-81.11949920654297', '236', '-5', 'A', 'America/New_York']
['William P Hobby Airport', 'Houston', 'United States', 'HOU', 'KHOU', '29.64539909', '-95.27890015', '46', '-6', 'A', 'America/Chicago']
['Pittsburgh International Airport', 'Pittsburgh', 'United States', 'PIT', 'KPIT', '40.49150085', '-80.23290253', '1203', '-5', 'A', 'America/New_York']
['Miami International Airport', 'Miami', 'United States', 'MIA', 'KMIA', '25.79319953918457', '-80.29060363769531', '8', '-5', 'A', 'America/New_York']
['Seattle Tacoma International Airport', 'Seattle', 'United States', 'SEA', 'KSEA', '47.44900131225586', '-122.30899810791016', '433', '-8', 'A', 'America/Los_Angeles']
['Lovell Field', 'Chattanooga', 'United States', 'CHA', 'KCHA', '35.035301208496094', '-85.20379638671875', '683', '-5', 'A', 'America/New_York']
['Jackson-Medgar Wiley Evers International Airport', 'Jackson', 'United States', 'JAN', 'KJAN', '32.3111991882', '-90.0758972168', '346', '-6', 'A', 'America/Chicago']
['Indianapolis International Airport', 'Indianapolis', 'United States', 'IND', 'KIND', '39.7173', '-86.294403', '797', '-5', 'A', 'America/New_York']
['Whiteman Air Force Base', 'Knobnoster', 'United States', 'SZL', 'KSZL', '38.73030090332', '-93.547897338867', '870', '-6', 'A', 'America/Chicago']
['Duluth International Airport', 'Duluth', 'United States', 'DLH', 'KDLH', '46.8420982361', '-92.19360351559999', '1428', '-6', 'A', 'America/Chicago']
['Richmond International Airport', 'Richmond', 'United States', 'RIC', 'KRIC', '37.50519943237305', '-77.3197021484375', '167', '-5', 'A', 'America/New_York']
['Shreveport Regional Airport', 'Shreveport', 'United States', 'SHV', 'KSHV', '32.44660186767578', '-93.82559967041016', '258', '-6', 'A', 'America/Chicago']
['Norfolk International Airport', 'Norfolk', 'United States', 'ORF', 'KORF', '36.89459991455078', '-76.20120239257812', '26', '-5', 'A', 'America/New_York']
['Savannah Hilton Head International Airport', 'Savannah', 'United States', 'SAV', 'KSAV', '32.12760162', '-81.20210266', '50', '-5', 'A', 'America/New_York']
['San Antonio International Airport', 'San Antonio', 'United States', 'SAT', 'KSAT', '29.533700942993164', '-98.46980285644531', '809', '-6', 'A', 'America/Chicago']
['Greater Rochester International Airport', 'Rochester', 'United States', 'ROC', 'KROC', '43.118900299072266', '-77.67240142822266', '559', '-5', 'A', 'America/New_York']
['Raleigh Durham International Airport', 'Raleigh-durham', 'United States', 'RDU', 'KRDU', '35.877601623535156', '-78.7874984741211', '435', '-5', 'A', 'America/New_York']
['James M Cox Dayton International Airport', 'Dayton', 'United States', 'DAY', 'KDAY', '39.902400970458984', '-84.21939849853516', '1009', '-5', 'A', 'America/New_York']
['Newport News Williamsburg International Airport', 'Newport News', 'United States', 'PHF', 'KPHF', '37.13190079', '-76.49299622', '42', '-5', 'A', 'America/New_York']
['Altus Air Force Base', 'Altus', 'United States', 'LTS', 'KLTS', '34.667098999', '-99.2667007446', '1382', '-6', 'A', 'America/Chicago']
['Tucson International Airport', 'Tucson', 'United States', 'TUS', 'KTUS', '32.1161003112793', '-110.94100189208984', '2643', '-7', 'N', 'America/Phoenix']
['Beale Air Force Base', 'Marysville', 'United States', 'BAB', 'KBAB', '39.136100769', '-121.43699646', '113', '-8', 'A', 'America/Los_Angeles']
['Seymour Johnson Air Force Base', 'Goldsboro', 'United States', 'GSB', 'KGSB', '35.33940125', '-77.96060181', '109', '-5', 'A', 'America/New_York']
['Detroit Metropolitan Wayne County Airport', 'Detroit', 'United States', 'DTW', 'KDTW', '42.212398529052734', '-83.35340118408203', '645', '-5', 'A', 'America/New_York']
['Tampa International Airport', 'Tampa', 'United States', 'TPA', 'KTPA', '27.975500106811523', '-82.533203125', '26', '-5', 'A', 'America/New_York']
['Range Regional Airport', 'Hibbing', 'United States', 'HIB', 'KHIB', '47.38660049', '-92.83899689', '1354', '-6', 'A', 'America/Chicago']
['Austin Straubel International Airport', 'Green Bay', 'United States', 'GRB', 'KGRB', '44.48509979248047', '-88.12960052490234', '695', '-6', 'A', 'America/Chicago']
['Augusta Regional At Bush Field', 'Bush Field', 'United States', 'AGS', 'KAGS', '33.36989974975586', '-81.9645004272461', '144', '-5', 'A', 'America/New_York']
['Bill & Hillary Clinton National Airport/Adams Field', 'Little Rock', 'United States', 'LIT', 'KLIT', '34.729400634799994', '-92.2242965698', '262', '-6', 'A', 'America/Chicago']
['Dobbins Air Reserve Base', 'Marietta', 'United States', 'MGE', 'KMGE', '33.91540146', '-84.51629639', '1068', '-5', 'A', 'America/New_York']
['Fairchild Air Force Base', 'Spokane', 'United States', 'SKA', 'KSKA', '47.6151008606', '-117.65599823', '2461', '-8', 'A', 'America/Los_Angeles']
['Tyndall Air Force Base', 'Panama City', 'United States', 'PAM', 'KPAM', '30.0695991516', '-85.57540130619999', '17', '-6', 'A', 'America/Chicago']
['Dallas Fort Worth International Airport', 'Dallas-Fort Worth', 'United States', 'DFW', 'KDFW', '32.89680099487305', '-97.03800201416016', '607', '-6', 'A', 'America/Chicago']
['Melbourne International Airport', 'Melbourne', 'United States', 'MLB', 'KMLB', '28.102800369262695', '-80.64530181884766', '33', '-5', 'A', 'America/New_York']
['McChord Air Force Base', 'Tacoma', 'United States', 'TCM', 'KTCM', '47.1376991272', '-122.475997925', '322', '-8', 'A', 'America/Los_Angeles']
['Austin Bergstrom International Airport', 'Austin', 'United States', 'AUS', 'KAUS', '30.194499969482422', '-97.6698989868164', '542', '-6', 'A', 'America/Chicago']
['Rickenbacker International Airport', 'Columbus', 'United States', 'LCK', 'KLCK', '39.813801', '-82.927803', '744', '-5', 'A', 'America/New_York']
['McGhee Tyson Airport', 'Knoxville', 'United States', 'TYS', 'KTYS', '35.81100082', '-83.9940033', '981', '-5', 'A', 'America/New_York']
['Lambert St Louis International Airport', 'St. Louis', 'United States', 'STL', 'KSTL', '38.74869918823242', '-90.37000274658203', '618', '-6', 'A', 'America/Chicago']
['Sheppard Air Force Base-Wichita Falls Municipal Airport', 'Wichita Falls', 'United States', 'SPS', 'KSPS', '33.98880005', '-98.49189758', '1019', '-6', 'A', 'America/Chicago']
['Hartsfield Jackson Atlanta International Airport', 'Atlanta', 'United States', 'ATL', 'KATL', '33.63669967651367', '-84.4281005859375', '1026', '-5', 'A', 'America/New_York']
['Nashville International Airport', 'Nashville', 'United States', 'BNA', 'KBNA', '36.1245002746582', '-86.6781997680664', '599', '-6', 'A', 'America/Chicago']
['Dyess Air Force Base', 'Abilene', 'United States', 'DYS', 'KDYS', '32.4207992554', '-99.854598999', '1789', '-6', 'A', 'America/Chicago']
['La Guardia Airport', 'New York', 'United States', 'LGA', 'KLGA', '40.77719879', '-73.87259674', '21', '-5', 'A', 'America/New_York']
['Tallahassee Regional Airport', 'Tallahassee', 'United States', 'TLH', 'KTLH', '30.396499633789062', '-84.35030364990234', '81', '-5', 'A', 'America/New_York']
['Jacksonville International Airport', 'Jacksonville', 'United States', 'JAX', 'KJAX', '30.49410057067871', '-81.68789672851562', '30', '-5', 'A', 'America/New_York']
['Washington Dulles International Airport', 'Washington', 'United States', 'IAD', 'KIAD', '38.94449997', '-77.45580292', '312', '-5', 'A', 'America/New_York']
['General Mitchell International Airport', 'Milwaukee', 'United States', 'MKE', 'KMKE', '42.947200775146484', '-87.89659881591797', '723', '-6', 'A', 'America/Chicago']
['Portland International Airport', 'Portland', 'United States', 'PDX', 'KPDX', '45.58869934', '-122.5979996', '31', '-8', 'A', 'America/Los_Angeles']
['Palm Beach International Airport', 'West Palm Beach', 'United States', 'PBI', 'KPBI', '26.68320083618164', '-80.09559631347656', '19', '-5', 'A', 'America/New_York']
['Fort Worth Meacham International Airport', 'Fort Worth', 'United States', 'FTW', 'KFTW', '32.8198013306', '-97.36239624019998', '710', '-6', 'A', 'America/Chicago']
['Boeing Field King County International Airport', 'Seattle', 'United States', 'BFI', 'KBFI', '47.529998779296875', '-122.302001953125', '21', '-8', 'A', 'America/Los_Angeles']
['Honolulu International Airport', 'Honolulu', 'United States', 'HNL', 'PHNL', '21.318700790405273', '-157.9219970703125', '13', '-10', 'N', 'Pacific/Honolulu']
['Des Moines International Airport', 'Des Moines', 'United States', 'DSM', 'KDSM', '41.534000396728516', '-93.66310119628906', '958', '-6', 'A', 'America/Chicago']
['San Diego International Airport', 'San Diego', 'United States', 'SAN', 'KSAN', '32.7336006165', '-117.190002441', '17', '-8', 'A', 'America/Los_Angeles']
['Monroe Regional Airport', 'Monroe', 'United States', 'MLU', 'KMLU', '32.51089859008789', '-92.0376968383789', '79', '-6', 'A', 'America/Chicago']
['Shaw Air Force Base', 'Sumter', 'United States', 'SSC', 'KSSC', '33.97269821', '-80.47059631', '241', '-5', 'A', 'America/New_York']
['Ontario International Airport', 'Ontario', 'United States', 'ONT', 'KONT', '34.055999755859375', '-117.60099792480469', '944', '-8', 'A', 'America/Los_Angeles']
['Corpus Christi International Airport', 'Corpus Christi', 'United States', 'CRP', 'KCRP', '27.77039909362793', '-97.5011978149414', '44', '-6', 'A', 'America/Chicago']
['Syracuse Hancock International Airport', 'Syracuse', 'United States', 'SYR', 'KSYR', '43.11119842529297', '-76.1063003540039', '421', '-5', 'A', 'America/New_York']
['Chicago Midway International Airport', 'Chicago', 'United States', 'MDW', 'KMDW', '41.7859992980957', '-87.75240325927734', '620', '-6', 'A', 'America/Chicago']
['Norman Y. Mineta San Jose International Airport', 'San Jose', 'United States', 'SJC', 'KSJC', '37.36259841918945', '-121.92900085449219', '62', '-8', 'A', 'America/Los_Angeles']
['Denver International Airport', 'Denver', 'United States', 'DEN', 'KDEN', '39.861698150635', '-104.672996521', '5431', '-7', 'A', 'America/Denver']
['Philadelphia International Airport', 'Philadelphia', 'United States', 'PHL', 'KPHL', '39.87189865112305', '-75.24109649658203', '36', '-5', 'A', 'America/New_York']
['Sioux Gateway Col. Bud Day Field', 'Sioux City', 'United States', 'SUX', 'KSUX', '42.40259933', '-96.38439941', '1098', '-6', 'A', 'America/Chicago']
['Randolph Air Force Base', 'San Antonio', 'United States', 'RND', 'KRND', '29.52969933', '-98.27890015', '761', '-6', 'A', 'America/Chicago']
['Port Columbus International Airport', 'Columbus', 'United States', 'CMH', 'KCMH', '39.99800109863281', '-82.89189910888672', '815', '-5', 'A', 'America/New_York']
['Wright-Patterson Air Force Base', 'Dayton', 'United States', 'FFO', 'KFFO', '39.8260993958', '-84.0483016968', '823', '-5', 'A', 'America/New_York']
['Ted Stevens Anchorage International Airport', 'Anchorage', 'United States', 'ANC', 'PANC', '61.174400329589844', '-149.99600219726562', '152', '-9', 'A', 'America/Anchorage']
['Mobile Regional Airport', 'Mobile', 'United States', 'MOB', 'KMOB', '30.691200256348', '-88.242797851562', '219', '-6', 'A', 'America/Chicago']
['Mac Dill Air Force Base', 'Tampa', 'United States', 'MCF', 'KMCF', '27.84930038', '-82.52120209', '14', '-5', 'A', 'America/New_York']
['Scott AFB/Midamerica Airport', 'Belleville', 'United States', 'BLV', 'KBLV', '38.5452', '-89.835197', '459', '-6', 'A', 'America/Chicago']
['Southwest Florida International Airport', 'Fort Myers', 'United States', 'RSW', 'KRSW', '26.53619956970215', '-81.75520324707031', '30', '-5', 'A', 'America/New_York']
['John F Kennedy International Airport', 'New York', 'United States', 'JFK', 'KJFK', '40.63980103', '-73.77890015', '13', '-5', 'A', 'America/New_York']
['Holloman Air Force Base', 'Alamogordo', 'United States', 'HMN', 'KHMN', '32.8525009155', '-106.107002258', '4093', '-7', 'A', 'America/Denver']
['Charleston Air Force Base-International Airport', 'Charleston', 'United States', 'CHS', 'KCHS', '32.89860153', '-80.04049683', '46', '-5', 'A', 'America/New_York']
['Reno Tahoe International Airport', 'Reno', 'United States', 'RNO', 'KRNO', '39.49909973144531', '-119.76799774169922', '4415', '-8', 'A', 'America/Los_Angeles']
['Vandenberg Air Force Base', 'Lompoc', 'United States', 'VBG', 'KVBG', '34.7373008728', '-120.583999634', '369', '-8', 'A', 'America/Los_Angeles']
['Birmingham-Shuttlesworth International Airport', 'Birmingham', 'United States', 'BHM', 'KBHM', '33.56290054', '-86.75350189', '650', '-6', 'A', 'America/Chicago']
['Sacramento International Airport', 'Sacramento', 'United States', 'SMF', 'KSMF', '38.69540023803711', '-121.59100341796875', '27', '-8', 'A', 'America/Los_Angeles']
['City of Colorado Springs Municipal Airport', 'Colorado Springs', 'United States', 'COS', 'KCOS', '38.805801391602', '-104.70099639893', '6187', '-7', 'A', 'America/Denver']
['Buffalo Niagara International Airport', 'Buffalo', 'United States', 'BUF', 'KBUF', '42.94049835', '-78.73220062', '728', '-5', 'A', 'America/New_York']
['Mountain Home Air Force Base', 'Mountain Home', 'United States', 'MUO', 'KMUO', '43.043598', '-115.872002', '2996', '-7', 'A', 'America/Denver']
['Bradley International Airport', 'Windsor Locks', 'United States', 'BDL', 'KBDL', '41.9388999939', '-72.68319702149999', '173', '-5', 'A', 'America/New_York']
['Lubbock Preston Smith International Airport', 'Lubbock', 'United States', 'LBB', 'KLBB', '33.66360092163086', '-101.822998046875', '3282', '-6', 'A', 'America/Chicago']
["Chicago O'Hare International Airport", 'Chicago', 'United States', 'ORD', 'KORD', '41.97859955', '-87.90480042', '672', '-6', 'A', 'America/Chicago']
['Fairbanks International Airport', 'Fairbanks', 'United States', 'FAI', 'PAFA', '64.81510162', '-147.8560028', '439', '-9', 'A', 'America/Anchorage']
['Cannon Air Force Base', 'Clovis', 'United States', 'CVS', 'KCVS', '34.3828010559', '-103.321998596', '4295', '-7', 'A', 'America/Denver']
['Rick Husband Amarillo International Airport', 'Amarillo', 'United States', 'AMA', 'KAMA', '35.219398498535156', '-101.70600128173828', '3607', '-6', 'A', 'America/Chicago']
['Barksdale Air Force Base', 'Shreveport', 'United States', 'BAD', 'KBAD', '32.5018005371', '-93.6626968384', '166', '-6', 'A', 'America/Chicago']
['Baton Rouge Metropolitan, Ryan Field', 'Baton Rouge', 'United States', 'BTR', 'KBTR', '30.53319931', '-91.14959717', '70', '-6', 'A', 'America/Chicago']
['Baltimore/Washington International Thurgood Marshall Airport', 'Baltimore', 'United States', 'BWI', 'KBWI', '39.17539978', '-76.66829681', '146', '-5', 'A', 'America/New_York']
['Tulsa International Airport', 'Tulsa', 'United States', 'TUL', 'KTUL', '36.19839859008789', '-95.88809967041016', '677', '-6', 'A', 'America/Chicago']
['Minneapolis-St Paul International/Wold-Chamberlain Airport', 'Minneapolis', 'United States', 'MSP', 'KMSP', '44.881999969499994', '-93.22180175780001', '841', '-6', 'A', 'America/Chicago']
['Louis Armstrong New Orleans International Airport', 'New Orleans', 'United States', 'MSY', 'KMSY', '29.99340057373047', '-90.25800323486328', '4', '-6', 'A', 'America/Chicago']
['Portland International Jetport Airport', 'Portland', 'United States', 'PWM', 'KPWM', '43.64619827', '-70.30930328', '76', '-5', 'A', 'America/New_York']
['Will Rogers World Airport', 'Oklahoma City', 'United States', 'OKC', 'KOKC', '35.39310073852539', '-97.60070037841797', '1295', '-6', 'A', 'America/Chicago']
['Langley Air Force Base', 'Hampton', 'United States', 'LFI', 'KLFI', '37.082901001', '-76.360496521', '11', '-5', 'A', 'America/New_York']
['John Wayne Airport-Orange County Airport', 'Santa Ana', 'United States', 'SNA', 'KSNA', '33.67570114', '-117.8679962', '56', '-8', 'A', 'America/Los_Angeles']
['Columbus Air Force Base', 'Colombus', 'United States', 'CBM', 'KCBM', '33.6437988281', '-88.44380187990001', '219', '-6', 'A', 'America/Chicago']
['Grissom Air Reserve Base', 'Peru', 'United States', 'GUS', 'KGUS', '40.648101806599996', '-86.1520996094', '812', '-5', 'A', 'America/New_York']
['Casper-Natrona County International Airport', 'Casper', 'United States', 'CPR', 'KCPR', '42.90800095', '-106.4639969', '5350', '-7', 'A', 'America/Denver']
['Destin-Ft Walton Beach Airport', 'Valparaiso', 'United States', 'VPS', 'KVPS', '30.4832', '-86.525398', '87', '-6', 'A', 'America/Chicago']
['Charlotte Douglas International Airport', 'Charlotte', 'United States', 'CLT', 'KCLT', '35.2140007019043', '-80.94309997558594', '748', '-5', 'A', 'America/New_York']
['McCarran International Airport', 'Las Vegas', 'United States', 'LAS', 'KLAS', '36.08010101', '-115.1520004', '2181', '-8', 'A', 'America/Los_Angeles']
['Orlando International Airport', 'Orlando', 'United States', 'MCO', 'KMCO', '28.429399490356445', '-81.30899810791016', '96', '-5', 'A', 'America/New_York']
['Robins Air Force Base', 'Macon', 'United States', 'WRB', 'KWRB', '32.6400985718', '-83.5919036865', '294', '-5', 'A', 'America/New_York']
['Suvarnabhumi Airport', 'Bangkok', 'Thailand', 'BKK', 'VTBS', '13.681099891662598', '100.74700164794922', '5', '7', 'U', 'Asia/Bangkok']
['Naha Airport', 'Naha', 'Indonesia', 'NAH', 'WAMH', '3.6832098960876465', '125.52799987792969', '16', '8', 'N', 'Asia/Makassar']
['Juanda International Airport', 'Surabaya', 'Indonesia', 'SUB', 'WARR', '-7.3798298835754395', '112.78700256347656', '9', '7', 'N', 'Asia/Jakarta']
['Incheon International Airport', 'Seoul', 'South Korea', 'ICN', 'RKSI', '37.46910095214844', '126.45099639892578', '23', '9', 'U', 'Asia/Seoul']
['Chiang Mai International Airport', 'Chiang Mai', 'Thailand', 'CNX', 'VTCC', '18.766799926799997', '98.962600708', '1036', '7', 'U', 'Asia/Bangkok']
['Ngurah Rai (Bali) International Airport', 'Denpasar', 'Indonesia', 'DPS', 'WADD', '-8.7481698989868', '115.16699981689', '14', '8', 'N', 'Asia/Makassar']
['Eleftherios Venizelos International Airport', 'Athens', 'Greece', 'ATH', 'LGAV', '37.9364013672', '23.9444999695', '308', '2', 'E', 'Europe/Athens']
['Chubu Centrair International Airport', 'Nagoya', 'Japan', 'NGO', 'RJGG', '34.8583984375', '136.80499267578125', '15', '9', 'U', 'Asia/Tokyo']
['Daytona Beach International Airport', 'Daytona Beach', 'United States', 'DAB', 'KDAB', '29.179899', '-81.058098', '34', '-5', 'A', 'America/New_York']
['Riga International Airport', 'Riga', 'Latvia', 'RIX', 'EVRA', '56.92359924316406', '23.971099853515625', '36', '2', 'E', 'Europe/Riga']
['Vilnius International Airport', 'Vilnius', 'Lithuania', 'VNO', 'EYVI', '54.63410186767578', '25.28580093383789', '646', '2', 'E', 'Europe/Vilnius']
['Zvartnots International Airport', 'Yerevan', 'Armenia', 'EVN', 'UDYZ', '40.1473007202', '44.3959007263', '2838', '4', 'E', 'Asia/Yerevan']
['Tbilisi International Airport', 'Tbilisi', 'Georgia', 'TBS', 'UGTB', '41.6692008972', '44.95470047', '1624', '4', 'N', 'Asia/Tbilisi']
['Ministro Pistarini International Airport', 'Buenos Aires', 'Argentina', 'EZE', 'SAEZ', '-34.8222', '-58.5358', '67', '-3', 'N', 'America/Buenos_Aires']
['Kansai International Airport', 'Osaka', 'Japan', 'KIX', 'RJBB', '34.42729949951172', '135.24400329589844', '26', '9', 'U', 'Asia/Tokyo']
['Palma De Mallorca Airport', 'Palma de Mallorca', 'Spain', 'PMI', 'LEPA', '39.551700592', '2.73881006241', '27', '1', 'E', 'Europe/Madrid']
['Asheville Regional Airport', 'Asheville', 'United States', 'AVL', 'KAVL', '35.43619918823242', '-82.54180145263672', '2165', '-5', 'A', 'America/New_York']
['Piedmont Triad International Airport', 'Greensboro', 'United States', 'GSO', 'KGSO', '36.097801208496094', '-79.93730163574219', '925', '-5', 'A', 'America/New_York']
['Manchester Airport', 'Manchester NH', 'United States', 'MHT', 'KMHT', '42.93259811401367', '-71.43569946289062', '266', '-5', 'A', 'America/New_York']
['Louisville International Standiford Field', 'Louisville', 'United States', 'SDF', 'KSDF', '38.1744', '-85.736', '501', '-5', 'A', 'America/New_York']
['Roanoke\xe2\x80\x93Blacksburg Regional Airport', 'Roanoke VA', 'United States', 'ROA', 'KROA', '37.325500488299994', '-79.975402832', '1175', '-5', 'A', 'America/New_York']
['Blue Grass Airport', 'Lexington KY', 'United States', 'LEX', 'KLEX', '38.0364990234375', '-84.60590362548828', '979', '-5', 'A', 'America/New_York']
['Albuquerque International Sunport Airport', 'Albuquerque', 'United States', 'ABQ', 'KABQ', '35.040199279785156', '-106.60900115966797', '5355', '-7', 'A', 'America/Denver']
['Billings Logan International Airport', 'Billings', 'United States', 'BIL', 'KBIL', '45.807701110839844', '-108.54299926757812', '3652', '-7', 'A', 'America/Denver']
['Chicago Rockford International Airport', 'Rockford', 'United States', 'RFD', 'KRFD', '42.19540023803711', '-89.09719848632812', '742', '-6', 'A', 'America/Chicago']
['Domodedovo International Airport', 'Moscow', 'Russia', 'DME', 'UUDD', '55.40879821777344', '37.90629959106445', '588', '3', 'N', 'Europe/Moscow']
['Sanya Phoenix International Airport', 'Sanya', 'China', 'SYX', 'ZJSY', '18.302900314331055', '109.41200256347656', '92', '8', 'U', 'Asia/Shanghai']
['Greenville Spartanburg International Airport', 'Greenville', 'United States', 'GSP', 'KGSP', '34.8956985474', '-82.2189025879', '964', '-5', 'A', 'America/New_York']
['Central Illinois Regional Airport at Bloomington-Normal', 'Bloomington', 'United States', 'BMI', 'KBMI', '40.47710037', '-88.91590118', '871', '-6', 'A', 'America/Chicago']
['Gulfport Biloxi International Airport', 'Gulfport', 'United States', 'GPT', 'KGPT', '30.40730094909668', '-89.07009887695312', '28', '-6', 'A', 'America/Chicago']
['Toledo Express Airport', 'Toledo', 'United States', 'TOL', 'KTOL', '41.58679962', '-83.80780029', '683', '-5', 'A', 'America/New_York']
['Fort Wayne International Airport', 'Fort Wayne', 'United States', 'FWA', 'KFWA', '40.97850037', '-85.19509888', '814', '-5', 'A', 'America/New_York']
['The Eastern Iowa Airport', 'Cedar Rapids', 'United States', 'CID', 'KCID', '41.884700775146484', '-91.71080017089844', '869', '-6', 'A', 'America/Chicago']
['General Wayne A. Downing Peoria International Airport', 'Peoria', 'United States', 'PIA', 'KPIA', '40.664199829100006', '-89.6932983398', '660', '-6', 'A', 'America/Chicago']
['Rochester International Airport', 'Rochester', 'United States', 'RST', 'KRST', '43.90829849243164', '-92.5', '1317', '-6', 'A', 'America/Chicago']
['Jomo Kenyatta International Airport', 'Nairobi', 'Kenya', 'NBO', 'HKJK', '-1.31923997402', '36.9277992249', '5330', '3', 'N', 'Africa/Nairobi']
['Sarasota Bradenton International Airport', 'Sarasota', 'United States', 'SRQ', 'KSRQ', '27.39539909362793', '-82.55439758300781', '30', '-5', 'A', 'America/New_York']
['Quad City International Airport', 'Moline', 'United States', 'MLI', 'KMLI', '41.44850158691406', '-90.50749969482422', '590', '-6', 'A', 'America/Chicago']
['Tolmachevo Airport', 'Novosibirsk', 'Russia', 'OVB', 'UNNT', '55.012599945068', '82.650703430176', '365', '7', 'N', 'Asia/Krasnoyarsk']
['Francisco Bangoy International Airport', 'Davao', 'Philippines', 'DVO', 'RPMD', '7.1255202293396', '125.64600372314453', '96', '8', 'N', 'Asia/Manila']
['Yaoqiang Airport', 'Jinan', 'China', 'TNA', 'ZSJN', '36.857200622558594', '117.21600341796875', '76', '8', 'U', 'Asia/Shanghai']
['Huntsville International Carl T Jones Field', 'Huntsville', 'United States', 'HSV', 'KHSV', '34.637199401855', '-86.775100708008', '629', '-6', 'A', 'America/Chicago']
['Montgomery Regional (Dannelly Field) Airport', 'MONTGOMERY', 'United States', 'MGM', 'KMGM', '32.30059814', '-86.39399719', '221', '-6', 'A', 'America/Chicago']
['Tri Cities Regional Tn Va Airport', 'BRISTOL', 'United States', 'TRI', 'KTRI', '36.47520065307617', '-82.40740203857422', '1519', '-5', 'A', 'America/New_York']
['Haikou Meilan International Airport', 'Haikou', 'China', 'HAK', 'ZJHK', '19.934900283813477', '110.45899963378906', '75', '8', 'U', 'Asia/Shanghai']
['MBS International Airport', 'Saginaw', 'United States', 'MBS', 'KMBS', '43.532901763916016', '-84.07959747314453', '668', '-5', 'A', 'America/New_York']
['Baghdad International Airport', 'Baghdad', 'Iraq', 'BGW', 'ORBI', '33.262500762900004', '44.2346000671', '114', '3', 'U', 'Asia/Baghdad']
['Clark International Airport', 'Angeles City', 'Philippines', 'CRK', 'RPLC', '15.1859998703', '120.559997559', '484', '8', 'N', 'Asia/Manila']
['Taoxian Airport', 'Shenyang', 'China', 'SHE', 'ZYTX', '41.639801025390625', '123.48300170898438', '198', '8', 'U', 'Asia/Shanghai']
['Karlsruhe Baden-Baden Airport', 'Karlsruhe/Baden-Baden', 'Germany', 'FKB', 'EDSB', '48.7793998718', '8.08049964905', '408', '1', 'E', 'Europe/Berlin']
['Orlando Sanford International Airport', 'Sanford', 'United States', 'SFB', 'KSFB', '28.777599334716797', '-81.23750305175781', '55', '-5', 'A', 'America/New_York']
['Muan International Airport', 'Muan', 'South Korea', 'MWX', 'RKJB', '34.991406', '126.382814', '35', '9', 'U', 'Asia/Seoul']
['Mactan Cebu International Airport', 'Cebu', 'Philippines', 'CEB', 'RPVM', '10.307499885559', '123.97899627686', '31', '8', 'N', 'Asia/Manila']
['Erie International Tom Ridge Field', 'Erie', 'United States', 'ERI', 'KERI', '42.0831270134', '-80.1738667488', '732', '-5', 'A', 'America/New_York']
['Yeager Airport', 'Charleston', 'United States', 'CRW', 'KCRW', '38.37310028076172', '-81.59320068359375', '981', '-5', 'A', 'America/New_York']
['Milas Bodrum International Airport', 'Bodrum', 'Turkey', 'BJV', 'LTFE', '37.25059890749999', '27.6643009186', '21', '3', 'E', 'Europe/Istanbul']
['Sabiha G\xc3\xb6k\xc3\xa7en International Airport', 'Istanbul', 'Turkey', 'SAW', 'LTFJ', '40.898601532', '29.3092002869', '312', '3', 'E', 'Europe/Istanbul']
['Newcastle Airport', 'Newcastle', 'Australia', 'NTL', 'YWLM', '-32.79499816894531', '151.83399963378906', '31', '10', 'O', 'Australia/Sydney']
['Imam Khomeini International Airport', 'Tehran', 'Iran', 'IKA', 'OIIE', '35.416099548339844', '51.152198791503906', '3305', '3.5', 'E', 'Asia/Tehran']
['Mashhad International Airport', 'Mashhad', 'Iran', 'MHD', 'OIMM', '36.235198974609375', '59.64099884033203', '3263', '3.5', 'E', 'Asia/Tehran']
['Abraham Lincoln Capital Airport', 'Springfield', 'United States', 'SPI', 'KSPI', '39.84410095', '-89.67790222', '598', '-6', 'A', 'America/Chicago']
['Springfield Branson National Airport', 'Springfield', 'United States', 'SGF', 'KSGF', '37.24570084', '-93.38860321', '1268', '-6', 'A', 'America/Chicago']
['Joplin Regional Airport', 'Joplin', 'United States', 'JLN', 'KJLN', '37.151798248291016', '-94.49829864501953', '981', '-6', 'A', 'America/Chicago']
['South Bend Regional Airport', 'South Bend', 'United States', 'SBN', 'KSBN', '41.70869827270508', '-86.31729888916016', '799', '-5', 'A', 'America/New_York']
['Yemelyanovo Airport', 'Krasnoyarsk', 'Russia', 'KJA', 'UNKL', '56.172901153564', '92.493301391602', '942', '7', 'N', 'Asia/Krasnoyarsk']
['Sary-Arka Airport', 'Karaganda', 'Kazakhstan', 'KGF', 'UAKK', '49.670799255371094', '73.33439636230469', '1765', '6', 'U', 'Asia/Qyzylorda']
['Dubuque Regional Airport', 'Dubuque IA', 'United States', 'DBQ', 'KDBQ', '42.40200043', '-90.70950317', '1077', '-6', 'A', 'America/Chicago']
['Robin Hood Doncaster Sheffield Airport', 'Doncaster, Sheffield', 'United Kingdom', 'DSA', 'EGCN', '53.4805378105', '-1.01065635681', '55', '0', 'E', 'Europe/London']
['Tri-State/Milton J. Ferguson Field', 'Huntington', 'United States', 'HTS', 'KHTS', '38.36669922', '-82.55799866', '828', '-5', 'A', 'America/New_York']
['S\xc3\xbcleyman Demirel International Airport', 'Isparta', 'Turkey', 'ISE', 'LTFC', '37.8554000854', '30.368400573699997', '2835', '3', 'E', 'Europe/Istanbul']
['Kunsan Air Base', 'Kunsan', 'South Korea', 'KUV', 'RKJK', '35.90380096435547', '126.61599731445312', '29', '9', 'U', 'Asia/Seoul']
['Cheongju International Airport', 'Chongju', 'South Korea', 'CJJ', 'RKTU', '36.7165985107', '127.499000549', '191', '9', 'U', 'Asia/Seoul']
['Kharkiv International Airport', 'Kharkov', 'Ukraine', 'HRK', 'UKHH', '49.924800872802734', '36.290000915527344', '508', '2', 'E', 'Europe/Kiev']
['Khankala Air Base', 'Grozny', 'Russia', 'GRV', 'URMG', '43.298099517822266', '45.78409957885742', '548', '3', 'N', 'Europe/Moscow']
['Beijing Nanyuan Airport', 'Beijing', 'China', 'NAY', 'ZBNY', '39.782798767089844', '116.38800048828125', '0', '8', 'U', 'Asia/Shanghai']
['Baita International Airport', 'Hohhot', 'China', 'HET', 'ZBHH', '40.851398468', '111.823997498', '3556', '8', 'U', 'Asia/Shanghai']
['Wenzhou Yongqiang Airport', 'Wenzhou', 'China', 'WNZ', 'ZSWZ', '27.912200927734375', '120.85199737548828', '0', '8', 'U', 'Asia/Shanghai']
['Sialkot Airport', 'Sialkot', 'Pakistan', 'SKT', 'OPST', '32.5355567932', '74.3638916016', '837', '5', 'N', 'Asia/Karachi']
['Zhukovsky International Airport', 'Ramenskoe', 'Russia', '\\N', 'UUBW', '55.553299', '38.150002', '377', '3', 'N', 'Europe/Moscow']
['Spirit of St Louis Airport', 'Null', 'United States', 'SUS', 'KSUS', '38.662101745605', '-90.652000427246', '463', '-6', 'A', 'America/Chicago']
['Chkalovskiy Airport', 'Shchyolkovo', 'Russia', 'CKL', 'UUMU', '55.8782997131', '38.0616989136', '499', '3', 'N', 'Europe/Moscow']
['Al Maktoum International Airport', 'Dubai', 'United Arab Emirates', 'DWC', 'OMDW', '24.896356', '55.161389', '114', '4', 'U', 'Asia/Dubai']
['Fort Worth Alliance Airport', 'Fort Worth', 'United States', 'AFW', 'KAFW', '32.9875984192', '-97.31880187990001', '722', '-6', 'A', 'America/Chicago']
['Modlin Airport', 'Warsaw', 'Poland', 'WMI', 'EPMO', '52.4510993958', '20.6518001556', '341', '1', 'E', 'Europe/Warsaw']
['Mattala Rajapaksa International Airport', 'Mattala', 'Sri Lanka', 'HRI', 'VCRI', '6.284467', '81.124128', '157', '5.5', 'N', 'Asia/Colombo']
['Akwa Ibom International Airport', 'Uyo', 'Nigeria', 'QUO', 'DNAI', '4.8725', '8.093', '170', '1', 'N', 'Africa/Lagos']
['Kualanamu International Airport', 'Medan', 'Indonesia', 'KNO', 'WIMM', '3.642222', '98.885278', '23', '7', 'N', 'Asia/Jakarta']
['Borisoglebskoye Airport', 'Kazan', 'Russia', '\\N', 'UWKG', '55.86669921875', '49.13330078125', '213', '\\N', '\\N', '\\N']
